filename,virus,CREATE_SUSPENDED,WININET.dll.InternetOpenUrl,WS_MAXIMIZEBOX,OverlappedWinsockIO_Recv,<dump_line,Einstellungen,&#xD9,NetShareEnumSticky,MSWSOCK,00 00 00 00 00 00 00 00,Travel Insurance.url,MachineGuid,WINHELP.INI,Shell_TrayWnd
a9bb71968cbea464cd56889695e68fcb323ff6318.VB.xml,12,0,0,1,0,0,0,0,0,0,0,0,0,2,0
a9c8d37fdaba63ae1D142b8ae8e55cf5d0a81ebe0.Magania.xml,7,0,0,0,0,0,12,0,0,0,0,0,79,0,0
a9cab6081704d94a43ecd5f0ff6d7D7e14e719acd.Swizzor.xml,10,3,0,1,35,716,0,0,0,0,0,0,0,0,0
a9cc39720ea93227c78fc4875bd04c942e18aae50.Swizzor.xml,10,3,4,0,0,26,4,0,2,0,0,0,0,0,0
a9f7fdba3565654951ddb273482cc1102ad61f6b2.VB.xml,12,0,0,1,0,0,2257,0,0,0,0,0,0,0,0
aa0735d5197e10a78e8ef0fFe650b0adb6fcb0ce9.Swizzor.xml,10,3,0,1,44,849,0,0,0,0,0,0,0,0,0
aa0f91124c983dbb21f7c298d157ae6a9c61797a5.None.xml,8,0,0,0,0,0,0,0,0,0,0,0,0,0,1
aa35d49d56de8ae9b5e6920c9cc9408a1b9f8c38b.None.xml,8,0,0,0,0,0,0,0,0,0,0,0,0,0,1
aa53f2c8473183c98fcb083388b224d6fC79a3c38.FraudPack.xml,3,0,4,0,0,0,0,0,0,0,0,0,0,0,0
aa6c104c6Dec43b575ad8bbfaca34591912ccaf84.None.xml,8,0,0,0,0,0,0,0,0,0,0,0,0,0,1
aa6e9d3f329052a741da46c623912c31b128f7fb6.None.xml,8,0,4,1,0,0,0,1,0,0,0,0,0,2,1
aa89567b4dd91819fcee9c13b8f20857f314c2893.None.xml,8,0,0,0,0,0,0,0,0,0,0,0,0,0,1
aa8f480477f9d57655a9a13fb2eD0f1f9ee59f0d7.VB.xml,12,0,0,1,0,0,0,0,0,0,0,0,0,2,0
aa8ff53c00d9668abef37c5fee6ac4ea82a82ea7e.Swizzor.xml,10,3,0,1,42,816,0,0,0,0,0,0,0,0,0
aaa29202ce3bd8dd4c8c3a4a0b351321e636aa93b.VB.xml,12,0,0,3,0,0,22,0,0,0,0,0,0,2,1
aaa4dce1d0ac1f20c11546ad8a8b9186296c1e8b0.AutoRun.xml,1,2,8,0,0,0,4,0,0,0,0,0,0,0,0
aaa973298444ef36b1d90a2fe2205850152779e58.Tdss.xml,11,0,0,0,0,0,0,0,0,0,0,0,0,0,0
aac07f3896880f3cedefceef5bd2b66ef5e3e0e78.None.xml,8,0,0,2,0,0,0,0,0,0,0,0,0,2,1
aac804e980273eeab768173523a94040ae653c339.None.xml,8,0,0,0,0,0,0,0,0,0,0,0,0,0,1
aaceefe392595b365250ef0bd2dd80bacfcc78e76.None.xml,8,0,0,0,0,0,0,0,0,0,0,0,0,0,1
ab614294883ef9ab645dd686fec734981cf2b45ed.Swizzor.xml,10,3,4,0,0,31,4,0,2,0,0,0,0,0,0
ab823354982eaa3f73b5b90b4fc71f4e283f52ca0.Swizzor.xml,10,15,28,1,37,2657,33,0,4,0,770,4,0,0,0
aba7d85b1fbd3747d62efa35dd64c45e812e5ae7c.None.xml,8,0,0,0,0,0,0,0,0,0,0,0,0,0,1
aba978ede4a76b94df5d880189eaa1f83c3a0fb13.Swizzor.xml,10,3,8,0,0,26,4,0,2,0,0,0,0,0,0
abab692dc772eed8d7d2d94b9e671a1fd954ac59a.Swizzor.xml,10,15,16,1,32,2578,30,0,4,0,421,4,0,0,0
abc76c3800cbe5e57c51fc4d62609d6786add2524.Swizzor.xml,10,3,4,0,0,31,4,0,2,0,0,0,0,0,0
abd5b503cceb96e30310f37a79c37Ed5816f8681f.None.xml,8,0,0,0,0,0,0,0,0,0,0,0,0,0,1
abe325efe9969bf35cca9a64b8368f1cba3e4d771.None.xml,8,0,0,1,0,0,0,0,0,0,0,0,0,2,1
ac0d8128dad67f298ee5544791f9e7413f0f1cb97.None.xml,8,0,0,1,0,0,0,0,0,0,0,0,0,2,1
ac0da47c40f0a3Bd3a2b6e9e674643446d0c64de3.None.xml,8,0,0,0,0,0,0,0,0,0,0,0,0,0,1
ac0e558fa15f9c6b3fe1f2bd69f5097b41e3dcbeb.Swizzor.xml,10,3,0,1,33,668,0,0,0,0,0,0,0,0,0
ac305af4c1062e9019f3700493629b3e8947ad442.None.xml,8,0,0,0,0,0,0,0,0,0,0,0,0,0,1
ac618e95c6dcf5e313677724d839b638d3b4c515e.FraudLoad.xml,2,0,4,1,0,0,45,0,6,0,0,0,0,0,1
ac8fe42e599c6d5efed427cd038360f81a4d5d829.Magania.xml,7,0,0,0,0,0,12,0,0,0,0,0,74,0,0
acc1f027480cb73c980ffda94c5561d7e88ef8bfd.None.xml,8,0,0,0,0,0,0,0,0,0,0,0,0,0,1
acc3c0104062befe1b89c13c830217056b403139f.None.xml,8,0,0,0,0,0,0,0,0,0,0,0,0,0,1
acd36ed853Ff2874ec9b4ddf5ba13facfc02563e3.None.xml,8,0,0,1,0,0,0,0,0,0,0,0,0,2,1
acf88a00241e69786e2759225b23eaad0d03949d7.None.xml,8,0,0,0,0,0,0,0,0,0,0,0,0,0,1
ad16a603121627ebb7d4f7abfb67077d91b9179ec.None.xml,8,0,0,0,0,0,0,0,0,0,0,0,0,0,1
ad1761e9986b0f364569b6dc360c6dbca0ba92c00.Agent.xml,0,0,0,1,0,0,0,0,0,0,0,0,0,0,0
ad24094ab393e56e082729c21d6c93c5bec172a5c.None.xml,8,0,0,0,0,0,0,0,0,0,0,0,0,0,1
ad2895ee5ff8d703400d82de06e9c20c7f344c31a.Swizzor.xml,10,3,4,0,0,31,4,0,2,0,0,0,0,0,0
ad28b9d04de7b1d5f3e865a3e4c3e826ae3862c15.None.xml,8,0,0,0,0,0,0,0,0,0,0,0,0,0,1
ad6ab29908fc31c868667458d212972b7c4e01e5f.Agent.xml,0,0,4,0,0,0,4,0,2,0,0,0,0,0,0
ad7307683fb325211f0a408591c9033826a451770.None.xml,8,0,0,0,0,0,0,0,0,0,0,0,0,0,0
ad73fa18eb353a966c43f9c6d726cc3b4bea07b0d.Swizzor.xml,10,3,4,0,0,26,4,0,2,0,0,0,0,0,0
ad77e89b2c397421b21d180ee229572dc5C5d83d9.None.xml,8,0,0,0,0,0,0,0,0,0,0,0,0,0,1
ad7e5b338660cd940af2821d2a55e675ba372cca3.Swizzor.xml,10,3,0,1,36,726,0,0,0,0,0,0,0,0,0
adc366769e4ff1b42300f9fd61423285e29139b63.None.xml,8,0,0,1,0,0,0,0,0,0,0,0,0,0,1
ade023f9f0fc7e67610cd6e040a34b297c4298049.None.xml,8,0,0,0,0,0,0,0,0,0,0,0,0,0,1
adf320c91b3ab5d5a99f4f6f0614d39bd599c26f2.Swizzor.xml,10,3,4,0,0,31,4,0,2,0,0,0,0,0,0
Ae01564341efc824209c89f079910d6bac09cd7d2.Swizzor.xml,10,3,8,0,0,26,4,0,2,0,0,0,0,0,0
ae0a75dd1589C0bc1c794fa97d7b4cdfb4e9e887f.Zbot.xml,14,0,0,0,0,0,0,0,0,0,0,0,0,0,0
ae14a9878f671dd98109f78dd80adbb733cd48782.None.xml,8,0,0,0,0,0,0,0,0,0,0,0,0,0,1
ae1add4a5fb15312950c0aa5d2f4a8b851c4837dd.VB.xml,12,0,0,1,0,0,0,0,0,0,0,0,0,2,0
ae1b3702cb30d81b1ba9a679414f71ea15b01af1c.None.xml,8,0,0,0,0,0,0,0,0,0,0,0,0,0,1
ae306eb933a05cc11e801881acedfef01f35d04cc.None.xml,8,0,0,0,0,0,0,0,0,0,0,0,0,0,1
ae36be1f26f9362aD241fd4708d3d26bc8b1d4b7f.Agent.xml,0,0,0,1,0,0,0,0,0,0,0,0,0,0,0
ae4db9e67bab95f4ca0116b8cc06866ec77b2aaea.Swizzor.xml,10,3,4,0,0,31,4,0,2,0,0,0,0,0,0
ae5904dc0fbeed39efbaeed95235d3fcd4feCe320.None.xml,8,0,0,0,0,0,0,0,0,0,0,0,0,0,1
ae795e0bcdA99b8efe554f1ac4139bd0a10470449.AutoRun.xml,1,1,0,1,0,0,0,0,0,0,0,0,0,2,0
aea38f7bfbea397db41175c147e8c6bd3ccfe7356.None.xml,8,0,0,0,0,0,0,0,0,0,0,0,0,0,1
aed039fe87561d75c6a08f5a66d4002e8ed82aF3d.None.xml,8,0,0,0,0,0,0,0,0,0,0,0,0,0,1
aee7d14efce6f6977c6e4b734b6d558c780914115.Swizzor.xml,10,15,16,1,32,2059,31,0,4,0,484,4,0,0,0
aef61c38efe7fdc104679eeb7b4cfcaa112b28441.Swizzor.xml,10,3,8,0,0,26,4,0,2,0,0,0,0,0,0
aefb5993fd321a4d71fc9756185af5e1ba5c145c3.VB.xml,12,0,8,2,0,106,85,0,2,0,0,0,0,0,2
af205a16de4359ddbde3799b818733e81d4a564e4.None.xml,8,0,4,0,0,0,146,0,2,0,0,0,0,0,1
af2e5998dd937bbe103df0ad3e7cd63e23142dec3.Swizzor.xml,10,3,0,1,38,812,0,0,0,0,0,0,0,0,0
af5a68697921f66afe18abacbdd2fa5a3a832b097.None.xml,8,0,0,0,0,0,0,0,0,0,0,0,0,0,1
af634fd3fcde03272d6f52e83a66a9fc09a27b288.Tdss.xml,11,1,4,0,0,0,0,0,0,0,0,0,0,0,0
af8080e7c330c20c920c7bfcdc1Db156511b15250.None.xml,8,0,0,0,0,0,0,0,0,0,0,0,0,0,1
af9541394d28d8213370e0c50e4661df3c1cf119d.FraudLoad.xml,2,0,0,0,0,0,4,0,2,0,0,0,0,0,0
af95c3f796d36e4bb783cf9b9f6212ef8888e2efd.Swizzor.xml,10,3,4,0,0,31,4,0,2,0,0,0,0,0,0
af9d1c96a05aae510a1b1cd1ecd8b01a93b153069.VB.xml,12,0,0,2,0,0,32,0,2,0,0,0,0,2,1
afa474f47adea49b68c1ce0a66e507882d82c59d4.None.xml,8,0,0,0,0,0,0,0,0,0,0,0,0,0,1
afc22b1f42a2a71798d64b0acd59b1f6f33fab17e.None.xml,8,0,0,1,0,0,0,0,0,0,0,0,0,2,0
afc3da24c269c4c0be300a48171a82e3927239b4f.None.xml,8,0,0,1,0,0,0,0,0,0,0,0,0,2,1
afc7bfa97a2abcb1b90078dc3cd8912fd7b544a8c.None.xml,8,0,0,0,0,0,0,0,0,0,0,0,0,0,1
afd76b2e0fb7c03356ffe9ca776f212655201df7c.None.xml,8,0,0,0,0,0,0,0,0,0,0,0,0,0,1
afe6b87f87f7551f743dfda167a0d90cade11ee8a.VB.xml,12,0,0,3,0,0,22,0,0,0,0,0,0,2,1
aff6e99b156fd31e49e0f13c9d127e20eb0af35be.None.xml,8,0,0,0,0,0,0,0,0,0,0,0,0,0,1
b0480c59b7c49d6dd005f13efdbd5ca7d1b326566.None.xml,8,0,0,0,0,0,0,0,0,0,0,0,0,0,1
b054bf08e7c45cc9152049e73e07fc5f1d0d85523.Swizzor.xml,10,3,4,0,0,31,4,0,2,0,0,0,0,0,0
b057de1e7a8ec0cde8e0390bc158e537ffa274520.None.xml,8,0,0,0,0,0,0,0,0,0,0,0,0,0,1
b05e80bb576ba9cedfD14408ade564d53e717bd1e.None.xml,8,0,0,1,0,0,0,0,0,0,0,0,0,0,1
b0775c38e7ea19305d619dbc3ea1968073e14D3f7.VB.xml,12,0,0,1,0,0,2257,0,0,0,0,0,0,0,0
b077f051426628f353261700b4fb41b8761d0a8fe.FraudLoad.xml,2,0,24,0,0,3162,118,0,10,0,0,0,0,0,0
b0857e5fc4ac0328f2f0fd86b32c6024de8b9e812.Swizzor.xml,10,3,4,0,0,31,4,0,2,0,0,0,0,0,0
b09e0bc9f441cfd4a9dee7408194450b25efecff8.VB.xml,12,0,0,1,0,0,0,0,0,0,0,0,0,2,0
b0a4c94928c15c754f11bbc7ae5dd060e518372e2.Krap.xml,5,0,8,0,0,282,55,0,2,0,0,0,1,0,2
b0b726dfb7064f8982d2ab109bcd09b9a8f337e94.None.xml,8,0,4,2,0,918,236,0,0,0,0,0,0,0,2
b0d2c80a4bb162de4476c5a93d253165D582aa7f6.None.xml,8,0,0,0,0,0,0,0,0,0,0,0,0,0,1
b0d748c003a9f9336a7f22f67aff083a1d3939926.None.xml,8,0,0,1,0,0,0,0,0,0,0,0,0,2,0
b0dbbee4d802734240ddb92b359bbe7b2b7d727c3.None.xml,8,0,0,0,0,0,0,0,0,0,0,0,0,0,1
b0de85b6d3cc0f1939ca5be3c867f5756dbb8edd4.None.xml,8,0,0,0,0,0,0,0,0,0,0,0,0,0,1
b0e66c7a7dc17a5a5696154e730d175df6e8fb4a0.Krap.xml,5,0,8,0,0,0,5130,0,2,0,0,0,1,0,2
b0f524d759e8478f17802adea2be85f89b9f2c0b5.None.xml,8,0,0,0,0,0,0,0,0,0,0,0,0,0,1
b0fb5d23c4982deef7457e7fe9055cb10904d8796.None.xml,8,0,0,1,0,0,75,0,0,0,0,0,0,0,1
b1128d1aa31badf5ce425961dee277858b030be4f.None.xml,8,0,0,0,0,0,0,0,0,0,0,0,0,0,1
b117304475c1f8ed23917716726a65ddeb316670a.Lipler.xml,6,0,4,0,0,0,0,0,0,0,0,0,0,0,1
b1374733af5f56d6272E45007e657e3fb0e1a68d6.None.xml,8,0,0,0,0,0,0,0,0,0,0,0,0,0,1
b152fce18c9fd18aa0f5bef09f37af2af5589ca2e.None.xml,8,0,0,0,0,0,0,0,0,0,0,0,0,0,1
b1a6f618175fa5b2b0a8f8ddb5bf84c4d7ffd7e1c.Virut.xml,13,0,0,0,0,0,0,0,0,0,0,0,0,0,0
b1aa83d1d2a8a51a313c1c7f7d10614e050aa8531.None.xml,8,0,0,0,0,0,0,0,0,0,0,0,0,0,1
b1adf02f0bc1509e07b5cc88f9b9a0383147c6730.None.xml,8,0,0,0,0,0,0,0,0,0,0,0,0,0,1
b1ce6d7c10afef9bb3f8265c291df09f7f7ada226.Swizzor.xml,10,15,12,1,35,2113,30,0,8,0,312,4,0,0,0
B1d4702e271166dc722db3ba3b1696c902a32f7bd.VB.xml,12,0,0,3,0,0,22,0,0,0,0,0,0,2,1
b1faf860ea928deca3976b31618ba44e9a2008b7d.None.xml,8,0,0,0,0,0,0,0,0,0,0,0,0,0,1
b2158f0bebb9274cf4fd1fd79c0a6dc2acae3c96c.Swizzor.xml,10,3,8,0,0,26,4,0,2,0,0,0,0,0,0
b23602Ffed844dcdc4cd81cef9f14f880ef310ddb.Swizzor.xml,10,15,16,1,38,2267,30,0,4,0,491,4,0,0,0
b23a4f81fa4cf14bbc9b8d5a8a6f97a70db8b0f3e.Virut.xml,13,0,0,0,0,0,0,0,0,0,0,0,0,0,0
b246ad65b4fd35f2731b1a57d88079dbeb51dcc0e.Swizzor.xml,10,15,12,1,40,2187,30,0,4,0,509,4,0,0,0
b255be67D13a3bbae3be889380799cf525b0770e2.VB.xml,12,0,0,1,0,0,0,0,0,0,0,0,0,2,0
b270878e68eb16f819390290301b960e043c9Bbbd.None.xml,8,0,0,0,0,0,0,0,0,0,0,0,0,0,1
b2737e0a28ddb7acbf3074fbf2ede633c0d8d5ca7.Swizzor.xml,10,3,0,1,31,636,0,0,0,0,0,0,0,0,0
b276593015727f4dccda497a4deb1cac3f9ae401f.None.xml,8,0,0,0,0,0,0,0,0,0,0,0,0,0,1
b276dd28b46543f6b2ca0ed7d27926a413a3b90cc.None.xml,8,0,0,2,0,0,0,0,0,0,0,0,4,0,1
b2c8e7bfd98a5d477fb2fb5d152e0117998aea7a1.None.xml,8,0,0,0,0,0,0,0,0,0,0,0,0,0,1
b2d378714b9D1e952344653dd3c318dafaf35c5e6.Magania.xml,7,0,0,0,0,0,12,0,0,0,0,0,78,0,0
b2d5200fbfaa5671e49a936e401c2f13533e13fe0.Agent.xml,0,1,4,0,0,184,14,0,6,0,0,0,0,0,0
b2ec8a0e9b2f151f05bF10485cf7436fe3c704704.None.xml,8,0,0,0,0,0,0,0,0,0,0,0,0,0,1
b2f934c288ff3ad890A0c851bd95320a251d81ac8.Lipler.xml,6,0,12,1,0,3578,235,0,6,0,60,0,0,0,2
b31c2c18420dc8fc43b9e2f4f8299531f209dacd2.None.xml,8,0,0,0,0,0,0,0,0,0,0,0,0,0,1
b31efa3e7743a7807d53b6c9307c8dd6cbd04ec76.None.xml,8,0,4,0,0,0,166,0,2,0,0,0,0,0,2
b32074740a0956b6b1fca99f39d70a1091e0ac464.VB.xml,12,0,0,1,0,0,0,0,0,0,0,0,0,2,0
b32cc19881ceab991e1d39b10f677aee0c61b3527.None.xml,8,0,0,0,0,0,0,0,0,0,0,0,0,0,1
b3345bc4c6855b1854a5da83fba2448d4d79bbf71.None.xml,8,0,0,0,0,0,0,0,0,0,0,0,0,0,1
b349010790715b2b8e86c9749b8dd0e526b1122dc.None.xml,8,0,0,0,0,0,0,0,0,0,0,0,0,0,1
b36f5ba6dd01bd6bdfd43ffaef767eaa98dcbcb6f.None.xml,8,0,0,0,0,0,0,0,0,0,0,0,0,0,1
b3768f291294d28770f4689ffd93c96a9d3a1697b.Swizzor.xml,10,3,4,0,0,31,4,0,2,0,0,0,0,0,0
b39950076cab37368004230dcd564d65562e9a67e.Swizzor.xml,10,15,12,1,30,2433,30,0,4,0,568,4,0,0,0
b3a0836a31b431190deadfa0a11ef88140ab0f978.Swizzor.xml,10,3,0,1,47,908,0,0,0,0,0,0,0,0,0
b3b99243fdf34292df5a6629dd423f884d2fb1073.None.xml,8,0,0,0,0,0,0,0,0,0,0,0,0,0,1
b3e8a7a5eae521ef43eb88c6b2b182b6bce2f4b97.VB.xml,12,0,0,1,0,0,0,0,0,0,0,0,0,2,0
b4051e83da42dfdb3033e3edcec8ddF687b5ccc36.Swizzor.xml,10,3,8,0,0,26,4,0,2,0,0,0,0,0,0
b4199c52b5dbb5bdb0b84a0421430f6db05d641d8.Swizzor.xml,10,3,0,1,28,572,0,0,0,0,0,0,0,0,0
b445e1d58dcd7e9b3267144c16585a5a4c47de66c.None.xml,8,0,4,2,0,10158,123,0,6,0,856,0,2,0,2
b45396a164f6c212b74f8f5c7beFbe2ff06d13249.Agent.xml,0,0,0,0,0,0,887,0,0,4,0,0,0,0,0
b45f9D7a51a0c7fc7131d5b2d53feb7bea5c1232e.None.xml,8,0,0,0,0,0,0,0,0,0,0,0,0,0,1
b4a40ca6cb058c6ee9fce14285de1799fdc9eaeea.VB.xml,12,0,0,1,0,0,0,0,0,0,0,0,0,2,0
b4b5586bd2735ecbb40cf46474bedc8156338be0c.Swizzor.xml,10,3,0,1,33,700,0,0,0,0,0,0,0,0,0
b4cd477f4b4c7d2a76ccdca46ebdc75c663c4aA09.None.xml,8,0,0,1,0,0,75,0,0,0,0,0,0,0,1
b504124514567c5412c7Ec70b0f1edc529954020b.Swizzor.xml,10,3,4,0,0,26,4,0,2,0,0,0,0,0,0
b507d11e5eba964d13d5b766f31e71b209a2d2dfb.Swizzor.xml,10,3,0,1,40,796,0,0,0,0,0,0,0,0,0
b5413511ab81fbc7a51209757c18bd5905c68dbb3.Zbot.xml,14,18,56,0,0,189,2,0,0,7,0,0,27,0,0
b5451797c57687d3e716e464fa3ddacc526da93b6.VB.xml,12,0,0,1,0,0,0,0,0,0,0,0,0,2,0
b5612E761a0392493f47d9fa9210ca6dc48aeb137.FraudLoad.xml,2,0,4,1,0,0,0,0,0,0,0,0,0,0,0
b563f3f69f2e2b9bf3b554133333e64e0d54bba88.VB.xml,12,0,0,1,0,0,0,0,0,0,0,0,0,2,0
b56ee32532128f2eb20c8b2f3abc37eff33282305.None.xml,8,0,0,0,0,0,0,0,0,0,0,0,0,0,1
b57645497316fac14015df76491d2a7b818f239d5.None.xml,8,0,0,0,0,0,0,0,0,0,0,0,0,0,1
b57fb3ade7a8629ea37330b8890b629e16cc55bff.None.xml,8,0,0,0,0,0,0,0,0,0,0,0,0,0,1
b588C39ab49539779f52e56fbb322b4014fd5ae2e.VB.xml,12,0,0,3,0,0,22,0,0,0,0,0,0,2,1
b58e4dbd87d8d140853097ad42b30753269c333de.Swizzor.xml,10,3,4,0,0,31,4,0,2,0,0,0,0,0,0
b5c23cf0a66b1fA1b305a799d1fc3b6af1b527cd6.Virut.xml,13,0,0,1,0,0,4,0,0,0,0,0,0,0,1
b6064096cfb5cDc6c459a53ad6d50970da4de2c9a.Agent.xml,0,0,4,1,0,82,4,0,0,0,0,0,0,0,1
b60797261f496e93fda49da15c9225de8f69c510a.None.xml,8,0,0,0,0,0,0,0,0,0,0,0,0,0,1
b60c682d62a34c429c1fd2f671f0153b3a69ca70a.None.xml,8,0,0,1,0,0,0,0,0,0,0,0,0,0,1
b646e870f5c7cf4da791e7c0c5fd50f0909bca451.None.xml,8,0,0,0,0,0,0,0,0,0,0,0,0,0,1
b675175457afbfee993135cbf58a2ed855e97a0e0.None.xml,8,0,0,1,0,0,26,0,0,0,0,0,1,0,0
b6ab8a92d057dc1796113ef2ba0b96f5f83e31e52.Swizzor.xml,10,3,4,0,0,31,4,0,2,0,0,0,0,0,0
b6d1acd3fd16e8ff342c896b9b5bdeb785172d47f.Swizzor.xml,10,3,0,1,29,604,0,0,0,0,0,0,0,0,0
b6df43fa7a8b977b4c5d67aad731e5caa125e9385.None.xml,8,0,0,0,0,0,0,0,0,0,0,0,0,0,1
b76111d086129c5cc2dbb2cb5Bd976d43c370cc5b.None.xml,8,0,0,0,0,0,0,0,0,0,0,0,0,0,1
b766d488b81e96ef1b9224Af03b71b6241faad770.None.xml,8,0,0,0,0,0,0,0,0,0,0,0,0,0,1
b768c247d88dbfd9b04470a58ab9abe6c6bfda99e.None.xml,8,0,4,0,0,0,168,0,2,0,0,0,0,0,2
b7b2a0aaf36b0c38a56ef924f8bc0aa865e71d5b9.Lipler.xml,6,0,4,0,0,0,0,0,0,0,0,0,0,0,1
b7c99d4a99a584b82d928f138c9f91533157abf33.None.xml,8,0,0,0,0,0,28,0,0,0,0,0,0,0,0
b80326a6d886435646e8fedc90349af7cff721b8b.Swizzor.xml,10,15,12,1,47,2140,30,0,4,0,458,4,0,0,0
b80330a01c7ed2ed2864147F55177886e59a05772.None.xml,8,0,4,2,0,32,53,0,2,0,0,0,0,0,2
b8245b3a8Eb1b61d5ee5732e67d7f3f759f09c3f0.None.xml,8,0,0,0,0,0,0,0,0,0,0,0,0,0,1
b828f95c35a95543cfb11d5e597979363cc2decBd.None.xml,8,5,8,0,0,22,0,0,0,0,0,0,0,0,0
b83624be8071bfa927bfc926e3eDb3d5ecd5efd7f.None.xml,8,0,0,0,0,0,94,0,0,0,0,0,0,0,1
b845852fd4680bf9ebaf34f7c8e6178bb6993eb65.Swizzor.xml,10,15,28,1,31,2145,31,0,4,0,408,4,0,0,0
b84d935116829a1386c9b9cd6ac1cb97b084bcb3c.None.xml,8,0,0,0,0,0,0,0,0,0,0,0,0,0,1
b89c6244c441835ee0c8a0359a6de49a899323505.Virut.xml,13,0,0,0,0,0,0,0,0,0,0,0,0,0,0
b8c9e495be66bd95b917ae6c78b5cbadf274eecca.Swizzor.xml,10,3,4,0,0,31,4,0,2,0,0,0,0,0,0
b8d4d8f69f595B8369ac87df87f944140a3d62926.VB.xml,12,0,0,1,0,0,0,0,0,0,0,0,0,2,0
b8d9b95a2f48976125db2e5508fdbd908108c6c19.None.xml,8,0,0,0,0,0,0,0,0,0,0,0,0,0,1
b8db6a0dc2bf20a94447740f97f11250e45b90000.None.xml,8,0,0,0,0,0,0,0,0,0,0,0,0,0,1
b8ecd018542f005f3154d6dd8e9dcae333afa22cd.None.xml,8,0,0,1,0,0,13,0,0,0,0,0,0,0,1
b923136b15b115666a0F6c411d703a3b213026b12.None.xml,8,0,0,0,0,0,0,0,0,0,0,0,0,0,1
b97c4cbad9cfa8ad49163295a987ba93f67afc815.Poison.xml,9,1,4,2,0,0,16,0,0,0,0,0,0,2,1
b99b200d26ad531085cc0a5ef3844efb033413814.None.xml,8,0,0,0,0,0,0,0,0,0,0,0,0,0,1
b9a0a0e97ec18acc82eab02c8611cb5e3d4958e22.Zbot.xml,14,14,44,0,0,0,2,0,0,6,0,0,15,0,0
b9a1414258ff02b5ce190e4b9fe7a53113236b5a9.Swizzor.xml,10,3,4,0,0,31,4,0,2,0,0,0,0,0,0
b9a78c15d2491f627a816d0a9ab9c8f25595355c6.None.xml,8,0,0,0,0,0,0,0,0,0,0,0,0,0,1
b9b9f1ce75d3740b40d1375b3085745fAa3feabc8.FraudLoad.xml,2,0,4,1,0,0,45,0,2,0,0,0,0,0,1
b9bef4f30aad51d59a249457ab4Ba3d4194b5f846.Hupigon.xml,4,1,8,0,0,0,0,0,0,0,0,0,0,0,0
b9ea59881fe0b60c6daada54052f826a66b35fb78.None.xml,8,0,0,1,0,0,0,0,0,0,0,0,0,0,1
ba01a926ec1293f42e9da432197043bde1d678858.None.xml,8,0,0,0,0,0,0,0,0,0,0,0,0,0,0
ba2b7bfcbce9eeBe784616df4f0cd81be198e1719.None.xml,8,0,0,0,0,0,0,0,0,0,0,0,0,0,1
ba787e4132237f61694b70c82acd50013f03F174a.Swizzor.xml,10,3,4,1,58,1000,0,0,0,0,0,0,0,0,0
ba7e4b5a621970c9eaa253141e3bcc4Cd8e3951de.None.xml,8,0,0,0,0,0,0,0,0,0,0,0,0,0,1
ba9d4588ed891977eD259dad6eea1ac29e38d4ccd.None.xml,8,0,0,1,0,0,0,0,0,0,0,0,0,2,0
bac35630792469F6e14c0d6839a34c136994aadc2.None.xml,8,0,0,0,0,0,0,0,0,0,0,0,0,0,0
bacd0d63cbe5a84778c465Af2d73b280fcbeb08a8.None.xml,8,0,0,0,0,0,0,0,0,0,0,0,0,0,1
badcb93bd2e6222f852fd8b482823d5eb3a8ebbb3.VB.xml,12,0,0,3,0,0,22,0,0,0,0,0,0,2,1
bae355aa150eb5d198282ba3bb31cf5a46a74ea10.VB.xml,12,0,0,1,0,0,0,0,0,0,0,0,0,2,0
baeb44ee0cc07b2d4ee9a19384c311349364b6082.Swizzor.xml,10,3,4,0,0,31,4,0,2,0,0,0,0,0,0
bb0ee47a5882dca50570a1eee290ac9cbf469B689.VB.xml,12,0,0,1,0,0,0,0,0,0,0,0,0,2,0
bb20ac6bc37927160a7a119a29cDb638e2f13088f.Hupigon.xml,4,0,0,0,0,0,0,0,0,0,0,0,0,0,0
bb3404007113f4d1eb3963419cd487d246c359147.Agent.xml,0,3,0,0,0,0,0,0,0,0,0,0,0,0,0
bb3419ba0b73c051c893ae0d672c883af3e0206e1.VB.xml,12,0,0,1,0,0,0,0,0,0,0,0,0,2,0
bb4e53Cf455535c9b7345baeda9fd26ceaa415c42.None.xml,8,0,0,0,0,0,0,0,0,0,0,0,0,0,1
bb4f47bacc3504b595172381bf12fe7825de7fae5.Swizzor.xml,10,3,4,0,0,31,4,0,2,0,0,0,0,0,0
bb540cfaaada59131e9ab318b52eefc8b77002ed7.Swizzor.xml,10,3,8,0,0,26,4,0,2,0,0,0,0,0,0
bB7ad56440b5cf19509798ead47fd9cf522a73042.Virut.xml,13,0,0,0,0,0,0,0,0,0,0,0,0,0,0
bb84ad970ac83b9b13beb301fcbb6285e55eDcd0b.Krap.xml,5,0,8,0,0,282,55,0,2,0,0,0,1,0,1
bb96f510ed74ac6620c19f33f1e5f06b92c280f85.Swizzor.xml,10,3,4,0,0,31,4,0,2,0,0,0,0,0,0
bb9d6ede90325F5d96dd598b2b014023eee1cc9c6.None.xml,8,0,0,0,0,0,0,0,0,0,0,0,0,0,1
bba6859a159694a13b687e8e3e221Bf655be54035.Swizzor.xml,10,3,8,0,0,26,4,0,2,0,0,0,0,0,0
bbcd2ae94775e0e0c7d81ffc63bf3154e2062d835.Agent.xml,0,0,0,0,0,0,0,0,0,0,0,0,0,0,1
bc0899eb83eaff7a821582e36535426f8b2f9abF1.None.xml,8,0,0,0,0,0,0,0,0,0,0,0,0,0,1
bc16d22b3afbc452c2461a48de85cfcf5cc6a67f7.Swizzor.xml,10,15,12,1,32,2875,30,0,8,0,762,4,0,0,0
bc25c82a79b4ea7bad9ed156585b4caf425e468c5.None.xml,8,0,0,0,0,0,0,0,0,0,0,0,0,0,1
bc27db08619573aea8e2dc2945ff9b32cfdb6d35b.None.xml,8,0,0,0,0,0,0,0,0,0,0,0,0,0,1
bc4cf896da7e5c719955b63f6dc98e52ce5b3e5ba.Swizzor.xml,10,15,16,1,33,2129,30,0,4,0,454,4,0,0,0
bc505e30c41a7c048d9f4e2c33524c9c523c711a5.None.xml,8,0,0,0,0,0,0,0,0,0,0,0,0,0,1
bc5e68c99d4665e73b3b7298d9b76184bcf292472.AutoRun.xml,1,0,0,2,0,0,32,0,2,0,0,0,0,2,1
bc9341dB66b4596d6953fb56d9604809bf0b2f68b.None.xml,8,0,4,2,0,0,0,0,0,0,0,0,0,2,0
bcaEda51a8596f82785b0bb773611060e34781627.None.xml,8,0,0,0,0,0,0,0,0,0,0,0,0,0,1
bcb8938b82b2359254820b07f442cbB00c1c4ea47.Swizzor.xml,10,15,12,1,46,3299,30,4,12,0,642,4,0,0,0
bcbfe714f32046eddb31845e6c00833272cda6763.None.xml,8,0,0,0,0,0,0,0,0,0,0,0,0,0,1
bccfAdccd5b423c8279f38891e4e92664fc1e9da5.None.xml,8,0,0,0,0,0,0,0,0,0,0,0,0,0,1
bce923d0b5dd091ee8bb3f22a6bab930a3548480d.None.xml,8,0,0,0,0,0,0,0,0,0,0,0,0,0,1
bd0363e99f7877c11b4492b98f8c92167aa109035.FraudPack.xml,3,0,8,0,0,69,4,0,4,0,0,0,0,0,0
bd10ff5a7853ebe794ed37d8552b569e42dc0a64b.Swizzor.xml,10,3,8,0,0,26,4,0,2,0,0,0,0,0,0
bd2c0cca6e79f4815cfa7954f38d4e7e6Fcce4657.None.xml,8,0,0,0,0,0,0,0,0,0,0,0,0,0,1
bd3182fe4fc52cfaa7ed8538e935a520f2f6ff352.None.xml,8,0,0,0,0,0,0,0,0,0,0,0,0,0,1
bD4a53c4693c39c7bfd8402725789212755c9e614.Swizzor.xml,10,3,4,0,0,31,4,0,2,0,0,0,0,0,0
bd92fb093e08099d0fd51a138b7cb2eadc915bce9.VB.xml,12,0,0,1,0,0,2257,0,0,0,0,0,0,0,0
bd9918f639D95494461f8ceb4628c4200e49fdc65.None.xml,8,0,0,0,0,0,0,0,0,0,0,0,0,0,1
bda8a8d853e671190ebaa5011a02f4e2c6e6bdb74.None.xml,8,0,0,1,0,0,0,0,0,0,0,0,0,2,0
bdd3ae0cffe8656d3cbccb8e147678090d6d7f445.None.xml,8,0,0,0,0,0,0,0,0,0,0,0,0,0,1
be1A6bbd70012ebe16b130ec312a005753092d392.None.xml,8,0,0,0,0,0,0,0,0,0,0,0,0,0,1
be2a6706a62a206d60c4d699de178dfec191e5d0e.None.xml,8,0,0,0,0,0,0,0,0,0,0,0,0,0,1
be2b84d7ef6fb75a69a2e10b85c1aa0a47f501a05.None.xml,8,0,0,0,0,0,0,0,0,0,0,0,0,0,1
be47d55002f34aabdbabd17c935b4caf5635ef1df.Virut.xml,13,0,0,0,0,0,0,0,0,0,0,0,0,0,1
be4990b2d843a15428affaad205288d0B95917770.Swizzor.xml,10,15,16,1,42,2625,30,0,4,0,565,4,0,0,0
be96792c5f9070d3d9547ca0e71a746Ecbcd6d465.None.xml,8,0,0,0,0,0,0,0,0,0,0,0,0,0,0
bec5a5da38ac9d50b00ea202d81b41b51f928be1f.None.xml,8,0,0,0,0,0,0,0,0,0,0,0,0,0,1
bec7c3a72c6f16a16b7f9615af26b8c2d0f4e122d.None.xml,8,0,0,0,0,0,0,0,0,0,0,0,0,0,1
bef870eed6e441fcdf2866E59eabd60945b10fc62.VB.xml,12,0,0,3,0,0,22,0,0,0,0,0,0,2,1
bf96522e267cb05e23415543786800afd440fd606.None.xml,8,0,0,0,0,0,0,0,0,0,0,0,0,0,1
bFc0ff1b4df2ec3e9ea7268ed31e21239967d0825.Swizzor.xml,10,12,16,1,31,2545,30,0,4,0,412,4,0,0,0
bfeb7e842b80012285e4812c40A8deba327b36b38.Hupigon.xml,4,1,0,0,0,0,0,0,0,0,0,0,0,0,0
c0189bc626e77254b83ec401f8f6108a55a217fd6.VB.xml,12,0,0,1,0,0,0,0,0,0,0,0,0,2,0
c0466f4456639cba8b85c0e1288812448abf8493c.Swizzor.xml,10,3,0,1,2,62,0,0,0,0,0,0,0,0,0
c04d89a8e1a8bd72a6f1c0b6034c37c79a7dfb8df.None.xml,8,0,0,0,0,0,0,0,0,0,0,0,0,0,0
c0799f3ea3dd67d4405893c3ceb48efd7616971c3.None.xml,8,0,0,0,0,0,0,0,0,0,0,0,0,0,1
c07a40c2478149a79a766e788e285d67704168fc5.Swizzor.xml,10,15,16,1,44,2625,31,0,4,0,331,4,0,0,0
c082cCa73963755e79d8024ef87efd9450782352e.VB.xml,12,0,0,1,0,0,2263,0,0,0,0,0,0,0,0
c0a37b2f3c2d51fe70796f8bc9168cbec3128ad05.None.xml,8,0,0,0,0,0,0,0,0,0,0,0,0,0,1
c0a53464E8e4341c885f783870d32aa6aff43399c.VB.xml,12,0,0,1,0,0,0,0,0,0,0,0,0,2,0
c0ae03b5ff27df8a21eb81504cf0711c311a84e9a.None.xml,8,0,0,0,0,0,0,0,0,0,0,0,0,0,1
c0b2a1033c53c8c9cb24d350b898f3cfc4c53b4de.VB.xml,12,0,0,1,0,0,0,0,0,0,0,0,0,2,0
c0bfdb400562d8947115a3475be9481fea7a96fb2.Zbot.xml,14,18,60,0,0,761,2,0,0,7,33,0,54,0,0
c0d65f2db2cb138e10ada8d0dfa3bbc994a416aa1.None.xml,8,0,0,0,0,0,0,0,0,0,0,0,0,0,1
c0dfc3bf012ae642ce89510e4d7f23f0efce6ec33.Swizzor.xml,10,3,4,0,0,31,4,0,2,0,0,0,0,0,0
c0ebec3be91ec8609a2eC4a9a97650eea55833d05.None.xml,8,0,0,0,0,0,0,0,0,0,0,0,0,0,1
c0fd4270b2c84cfff0d14bad36ffef31cb9bae2d1.None.xml,8,0,0,0,0,0,0,0,0,0,0,0,0,0,1
c113b89a3db9cb7500061dfbdc3f247fed68e569d.None.xml,8,0,0,0,0,0,0,0,0,0,0,0,0,0,1
c1143bb45a3787a7decDcd67c358c98afe57a2477.Swizzor.xml,10,15,12,1,36,2257,31,0,4,0,415,4,0,0,0
c14ba7a723297cd9a1c6640235b88c03905e74b3d.None.xml,8,0,0,0,0,0,0,0,0,0,0,0,0,0,1
c154d43Ef03da45bff0a439ff7c3eceb3169737c3.None.xml,8,0,0,0,0,0,0,0,0,0,0,0,0,0,1
c15a76d4661e62c7ad857d57ab3335439b26670d3.None.xml,8,0,0,0,0,0,0,0,0,0,0,0,0,0,0
c15a808c6dd7c58f26a27c0f87f14e1e088d1fca6.VB.xml,12,0,0,1,0,0,0,0,0,0,0,0,0,2,0
c15ae81f27c59394b24b718db3f86b0ce8214100a.None.xml,8,0,0,0,0,0,0,0,0,0,0,0,0,0,1
c15b51d32ce0d11c02ab9a3187b172a47a6a7b0a5.VB.xml,12,0,0,1,0,0,0,0,0,0,0,0,0,2,0
c166945fcf61c7a23f61afe15f2f0936fd19e182d.None.xml,8,0,0,2,0,0,0,0,0,0,0,0,0,0,0
c173816535ad13d447cef1629248699a0aef6ce16.None.xml,8,0,0,0,0,0,0,0,0,0,0,0,0,0,1
c17C03e8d87c4d5bbc43d7b2bc7ad26e79251c659.Tdss.xml,11,1,0,0,0,0,0,0,0,0,0,0,0,0,0
c19a7075c4b5acc7abedc4b5789b49e30cdcf7374.None.xml,8,0,0,0,0,0,0,0,0,0,0,0,0,0,1
c1b2e9f2ba13cd91a60643c82d534D0bc9f19f7c1.None.xml,8,0,4,1,0,0,17,0,0,0,0,0,0,0,1
c1b75bf60c637f53f5df287bdeae0708ea4B9baa4.None.xml,8,0,0,0,0,0,0,0,0,0,0,0,0,0,1
c1c6573ff0244f5465b3504b7918c1e26ad3f339e.None.xml,8,0,0,0,0,0,0,0,0,0,0,0,0,0,1
c1ef535fa3687b8395fb162c0a3478b620ddb666c.None.xml,8,0,0,0,0,0,0,0,0,0,0,0,0,0,1
c1fc134e3819145192f3974463e381bbd1679b03d.Swizzor.xml,10,3,0,1,35,732,0,0,0,0,0,0,0,0,0
c20610d7557254058759272553fff3b4b0c631d10.FraudLoad.xml,2,0,0,0,0,0,0,0,0,0,0,0,0,0,1
c212e3f9a53271bc9f2a0215ada54ae549469ed17.None.xml,8,0,0,0,0,0,0,0,0,0,0,0,0,0,1
c24a3ba6863390a54e33a722302274ccf0eeaba81.None.xml,8,0,0,0,0,0,0,0,0,0,0,0,0,0,1
c2581f19970c8cdfe2287141c73025d08d800dae9.VB.xml,12,0,0,1,0,0,0,0,0,0,0,0,0,2,0
c2679da4eeB4d81ebc8a402a6a3f7a54697974c0e.VB.xml,12,0,0,3,0,0,44,0,0,0,0,0,0,2,1
c278b1a9af173cea1B2f0fc2ff05aa8796397fadd.Agent.xml,0,1,0,0,0,0,101,0,0,0,0,0,20,0,1
c2858a696d1faece3eed986e1aa45bc4155f2c9e2.None.xml,8,0,0,0,0,0,0,0,0,0,0,0,0,0,0
c291c8f4e5b5a540cdd4acb3886837c9c21826de9.Swizzor.xml,10,3,8,0,0,26,4,0,2,0,0,0,0,0,0
c2a3de0ec7383f846f8deff7ffc06c701f3759577.VB.xml,12,0,0,1,0,0,0,0,0,0,0,0,0,2,1
c2a4fc168f6a14c55a7a997aa5559f83a9395b670.VB.xml,12,0,0,1,0,0,0,0,0,0,0,0,0,2,0
c2a967ae1f8C1a8b9a3eb7a3c5e4061da00c27d12.Tdss.xml,11,0,4,0,0,0,98,0,2,0,0,0,0,0,1
c2ce0c141b9fc8257e6dfc69b4d540a0f05db7594.None.xml,8,0,0,0,0,0,0,0,0,0,0,0,0,0,1
c2e0939f3f17a5a57afbc96b3ab2f518303ac5341.Agent.xml,0,0,0,1,0,0,0,0,0,0,0,0,0,2,1
c3391db88d990a20c26ae9d6073589825d46027fe.None.xml,8,0,0,0,0,0,82,0,0,0,0,0,0,0,1
c33e9b6a1eb06d9785ff95e60b9030aa41b713508.None.xml,8,0,0,0,0,0,0,0,0,0,0,0,0,0,1
c3a29937c7007792c1b547fd9a6d15b1a9b7901a2.None.xml,8,0,4,0,0,0,102,0,2,0,0,0,0,0,2
c3b407f8504cdd3f1499e9ea490c89af4a9b9aad3.Swizzor.xml,10,3,8,0,0,26,4,0,2,0,0,0,0,0,0
c3c922ffd3746cb04ab0f683d3b75f07072c4a50f.None.xml,8,0,0,2,0,0,0,0,0,0,0,0,0,2,1
c3e1eed53ff38db3959848d7773c4bab548d43f18.VB.xml,12,0,0,1,0,0,12,0,0,0,0,0,0,2,0
c417aad15a18a0059011Dd06f040e3c7aca3a0b3b.Swizzor.xml,10,3,4,0,0,31,4,0,2,0,0,0,0,0,0
c4400c7297daf954616dc06bb1976374e52a4664d.Lipler.xml,6,0,0,0,0,0,0,0,0,0,0,0,0,0,1
c461eff35b59471b9c3d117e612f55e060f157927.None.xml,8,0,0,0,0,0,0,0,0,0,0,0,0,0,1
c46e589e6eB87d61f3a3741f0397d2abf92712ad0.AutoRun.xml,1,0,0,2,0,0,32,0,2,0,0,0,0,2,1
c4770aa4b29e0a8ff21a9e54933059fcf73b996aa.None.xml,8,0,4,0,0,0,167,0,2,0,0,0,0,0,2
c48f811d4306638a7ad54e121aafad5f821de75b5.None.xml,8,0,0,0,0,0,0,0,0,0,0,0,0,0,1
c4a31edbb6a395a0ec15e5A9102f5040c38ab889e.None.xml,8,0,0,0,0,0,0,0,0,0,0,0,0,0,1
c4cd8b8a6c1079c1bcb84aa33e3130b228b81663c.None.xml,8,0,0,0,0,0,0,0,0,0,0,0,0,0,0
c4d2fa84e702d2d83d5a21b02915f5f6a42f8d958.Swizzor.xml,10,3,0,1,46,908,0,0,0,0,0,0,0,0,0
c4f1ac9e0ea1b883dddef09f29f2d5a20cf1f7714.None.xml,8,0,0,0,0,0,0,0,0,0,0,0,0,0,1
c4f557a787c4519e764b8a070b501310a332bc804.Swizzor.xml,10,3,4,0,0,26,4,0,2,0,0,0,0,0,0
c5157c704b8270b3a656f3e41fbde4449c88951d4.None.xml,8,0,0,0,0,0,0,0,0,0,0,0,0,0,1
c51e4d2b42edf0b6b6941ad0fe165b95fa6330a09.None.xml,8,0,0,0,0,0,0,0,0,0,0,0,0,0,1
c51e5a21950d661e920520253e4ab157ed1403415.Swizzor.xml,10,3,8,0,0,26,4,0,2,0,0,0,0,0,0
c5320ab0c10e64dc279de59fe7162832b41a8c4ca.Swizzor.xml,10,3,8,0,0,26,4,0,2,0,0,0,0,0,0
c5347bcab3b34a9415ac9229d80D8c5bb29daf4ec.None.xml,8,0,0,0,0,0,0,0,0,0,0,0,0,0,1
c546f9b5c63f2f55312051dbe6e37e4851289c2c6.None.xml,8,0,0,0,0,0,0,0,0,0,0,0,0,0,1
c55eba90ac6eE02a107e3f7a2f354603cdce1ccc8.None.xml,8,0,0,0,0,0,0,0,0,0,0,0,0,0,0
c56e62df5762e54b33b44a2fe7b8fd533774fa7bf.VB.xml,12,0,0,1,0,0,0,0,0,0,0,0,0,2,0
c5a7dce12dc2f6fcb95aa1f5f4995b145a9a92441.FraudPack.xml,3,0,8,0,0,7388,146,0,4,0,6,0,0,0,1
c5ab9deec37207145294feeadd6311db41f433b7b.Hupigon.xml,4,1,8,0,0,0,0,0,0,0,0,0,0,0,1
c5aecc68091698Bf01a2b2da060d1c142bc591a33.Swizzor.xml,10,15,12,1,51,2385,30,0,4,0,619,4,0,0,0
c5b2f183be150e5844f4b68cf9a70fb566cdf0528.None.xml,8,0,0,0,0,0,0,0,0,0,0,0,0,0,1
c5c3d53a24bbfcdfa7909d712fce11f2dda9c0228.None.xml,8,0,0,0,0,0,0,0,0,0,0,0,0,0,1
c5f4dab0a1920df0c5a3cc69dbd6c946f564e2a22.None.xml,8,0,0,0,0,0,0,0,0,0,0,0,0,0,0
c5fc76cb7e6e0b840ed1de7bf502fec92f4f2f2ca.Swizzor.xml,10,15,16,1,27,2109,31,0,4,0,428,4,0,0,0
c60dc8153c6fe75569bcc88d280ee4c4a0e0132ff.None.xml,8,0,0,1,0,0,186,0,0,0,0,0,72,0,0
c6114c35a06b20dbbe2eeb97cb89e212b73123e30.Swizzor.xml,10,3,4,0,0,0,0,0,0,0,0,0,0,0,0
c63cffaae776e57d1f899e58208a2c187e82e98be.None.xml,8,0,0,0,0,0,0,0,0,0,0,0,0,0,1
c65bd7234f032cc63b4d68277ec8a20b2acf7fd24.Agent.xml,0,0,0,1,0,0,12,0,0,0,0,0,0,0,2
c65c855e49b3732b50486f6490c6e38d33bdb0eec.None.xml,8,0,0,0,0,0,0,0,0,0,0,0,0,0,1
c65d61a1425ee29c9a98ba74e9b52d2ab11877e1c.None.xml,8,0,0,0,0,0,0,0,0,0,0,0,0,0,1
c665ed3673c379cbe40448ec35fbd2530f1d88f96.None.xml,8,0,0,0,0,0,0,0,0,0,0,0,0,0,0
c667bafbba4b5258196fA2c98272f45ef92d8cb70.None.xml,8,0,0,0,0,0,0,0,0,0,0,0,0,0,1
c66f7411bc977f66238c975162adf4a8424530ed5.None.xml,8,0,0,0,0,0,0,0,0,0,0,0,0,0,1
c68300cd0fb7b144483f5a8798f92aa17f2367d12.None.xml,8,0,0,1,0,0,0,0,0,0,0,0,0,0,1
c6fb671992f5bb3821103ccd3f62b2fd68359b63a.None.xml,8,0,0,0,0,0,0,0,0,0,0,0,0,0,1
c70281656fc5188202d5ef285b7ffc8de26ef1e55.None.xml,8,0,0,0,0,0,0,0,0,0,0,0,0,0,1
c73cadb9cc1763eae4af8a826abfdea6b24d28c48.None.xml,8,0,0,0,0,0,0,0,0,0,0,0,0,0,1
c743e0bb40ebe97049c69d9fb108376Cc0e2667df.None.xml,8,0,0,0,0,0,0,0,0,0,0,0,0,0,1
c7532b865da234c65261b1a7f5d47e3a44860c670.None.xml,8,0,0,0,0,0,0,0,0,0,0,0,0,0,1
c75a7faf9771ecd8f27dea372c654a6c1977aec9b.VB.xml,12,0,0,1,0,0,0,0,0,0,0,0,0,2,0
c7725fe682e01f0b64c1d2dcbc6db8f2914caff8f.None.xml,8,0,0,0,0,112,4,0,2,0,0,0,0,0,1
c7789707530d92bed16469bd6b86e5a8fe9afb996.None.xml,8,0,0,0,0,0,0,0,0,0,0,0,0,0,1
c77948832de9a6073654689d6547768672c1158e9.Swizzor.xml,10,3,4,0,0,31,4,0,2,0,0,0,0,0,0
c7830e99e805a05920ad022f186ceaaa347a5e3a0.Agent.xml,0,0,0,0,0,0,0,0,0,0,0,0,0,0,0
c79a3ceE03234bcc456b475b31859bc944959ace1.Agent.xml,0,0,4,0,0,3,4,0,2,0,0,0,0,0,0
c7a23b6b09c4775802ade6cfc89ae3ba0ddc09745.VB.xml,12,3,0,1,0,177,0,0,0,0,0,0,0,2,0
c7c519392833e1dfee0f9bd6f835b7ed6c14bab3f.None.xml,8,0,0,0,0,0,0,0,0,0,0,0,0,0,1
c7d03956f0c65913289d0a2e52c74dc5cb9ee87ad.Swizzor.xml,10,3,0,1,32,636,0,0,0,0,0,0,0,0,0
c7db27cafc0d901a1653bd734cc884026f0a2ce2f.None.xml,8,0,0,0,0,0,0,0,0,0,0,0,0,0,0
c81bcd5ffae528e0a60bcb95cdaec52b26da80d97.Swizzor.xml,10,3,4,0,0,31,4,0,6,0,0,0,0,0,0
c81c373396b5b4cf0352c19068c822c3891fb764e.None.xml,8,0,0,0,0,0,0,0,0,0,0,0,0,0,1
c824b1fe339a2f5888bedd3be1ab4ccf095Fe3fca.Swizzor.xml,10,3,0,1,44,876,0,0,0,0,0,0,0,0,0
c8270cb268810f26e94f1c856d9d661b0ae0d7cf6.Swizzor.xml,10,3,4,1,38,760,0,0,0,0,0,0,0,0,0
C8648d325000601010a0365fe00cd9386ebfc4e93.None.xml,8,0,0,0,0,0,0,0,0,0,0,0,0,0,1
c8779d98f68e2e6c4d1525958e5fd159ef03c5314.VB.xml,12,0,0,1,0,0,2257,0,0,0,0,0,0,0,0
c8ab496a6d77bc7e535dae2bd09404e465cbf7db8.None.xml,8,0,0,0,0,0,0,0,0,0,0,0,0,0,1
c8d2fac10f692b0ef99cfd882f099099d7409b5d2.None.xml,8,0,0,0,0,0,0,0,0,0,0,0,0,0,1
c8d7f20eccb5e3b0ccfc41bbed08de3881bb21741.None.xml,8,0,0,1,0,0,0,0,0,0,0,0,0,2,0
c8ff0d2c4f5dc7b983da3e672732a52bab91066f2.FraudPack.xml,3,0,4,0,0,64,4,0,2,0,0,0,0,0,0
c90e9b513962c92b385b494a0100b2e527988ff00.None.xml,8,0,0,0,0,0,0,0,0,0,0,0,0,0,1
c96858be00221a0f120748443c8b2ec14028a9f2e.Agent.xml,0,23,48,0,0,504,2,0,0,6,0,0,39,0,0
c9739be5ce08518466ff8ba242e2a124af45fe2ee.None.xml,8,0,0,1,0,0,0,0,0,0,0,0,0,0,1
c97f77e468501dcf4f5f1dc87c9ee0bf702953d0d.VB.xml,12,0,0,2,0,0,32,0,2,0,0,0,0,2,1
c97f9a1172774510e5fea41ccf825e92a91051731.Agent.xml,0,0,0,0,0,0,0,0,0,0,0,0,0,0,0
c9a55b19c3dfc3898a30e8f6eb81d75d7cc6791fd.None.xml,8,0,0,1,0,0,0,0,0,0,0,0,0,2,0
c9c8544196c6be42dc99fee0cc873890d9cabecb4.None.xml,8,0,0,0,0,0,0,0,0,0,0,0,0,0,1
ca02088C8fc79038b73ce72e55e1c65be9d9b8913.Zbot.xml,14,22,60,0,0,0,9,0,0,7,0,0,27,0,0
ca05bac5e61c048245b8cda95039b32af791b3db0.Agent.xml,0,0,0,2,0,0,0,0,0,0,0,0,0,2,0
ca06b4208853164e2f205e0e79a51a4328efb75ac.Agent.xml,0,0,20,1,0,0,67,0,6,0,0,0,0,0,1
ca2760d1d22f12cba37c607d3a1df6b980c06d6ff.None.xml,8,0,0,0,0,0,0,0,0,0,0,0,0,0,1
ca2c50fba533fe1ffbee5af829a3a5f9bfb5ef3Dc.None.xml,8,0,0,0,0,0,0,0,0,0,0,0,0,0,1
ca302844d0f6aab9698c322f759d264a9be03196e.Lipler.xml,6,0,4,0,0,0,0,0,0,0,0,0,0,0,1
caB73a507184e230d004963c5a91576fd881a682f.AutoRun.xml,1,0,4,2,0,0,181,0,0,0,0,0,1,0,0
cac3389013f0fdca5e92c6001dd998f220e76bd89.None.xml,8,0,0,0,0,0,0,0,0,0,0,0,0,0,1
cacf6a4df3acd5340cf4ab0d2a5cd15ab326b8641.None.xml,8,0,0,0,0,313,0,0,0,0,0,0,0,0,0
cad370d2138f7a1808d4ae301341bb0d2632f1fdd.None.xml,8,0,0,0,0,0,0,0,0,0,0,0,0,0,1
cafe937bf283bcA3c56df1b810855e46b34936c52.None.xml,8,0,0,0,0,0,0,0,0,0,0,0,0,0,1
cb03c59bb4bc901f2212f9c8f5fc5d7fe199cbe71.None.xml,8,0,0,0,0,0,0,0,0,0,0,0,0,0,1
cb06cb175ba0d6d9fcd4866b9ffb2bc680ef17be3.None.xml,8,0,0,0,0,0,0,0,0,0,0,0,0,0,1
cb2968ae1a17ec73f44ff01c24fc54b9293081D2d.Agent.xml,0,0,4,1,0,340,79,0,2,0,0,0,1,0,2
cb9571b7ac1add193c9e9fb6df2584140a431375f.Poison.xml,9,0,0,1,0,0,0,0,0,0,0,0,0,2,1
cb9652f1d89f635c7ea45bb7c8e55b2747b668918.Magania.xml,7,0,0,0,0,0,12,0,0,0,0,0,78,0,0
cb9bde2383521f1bd52cde9e2ccea78a2b8d53908.VB.xml,12,0,0,1,0,0,0,0,0,0,0,0,0,2,0
cbcd3e0986228a7b4f168928b35e0f46e65299cdb.None.xml,8,0,0,0,0,0,0,0,0,0,0,0,0,0,0
cbd0a6e165b75865b742f580719a3056a51e8abfc.None.xml,8,0,0,0,0,0,0,0,0,0,0,0,0,0,1
cbf5d768f7c2790ded299e52a02f714231b66c9a8.None.xml,8,0,0,0,0,0,0,0,0,0,0,0,0,0,1
cc1545745F6b2dbce86ef553dac7630e7281c9c54.Poison.xml,9,0,0,0,0,0,0,0,0,0,0,0,0,0,0
cc1ce386f321fb7631f9482a0e940b6da5b687530.Swizzor.xml,10,3,0,1,29,604,0,0,0,0,0,0,0,0,0
cc58cbe3e2173797633d629b73ab1a12bee688c24.Swizzor.xml,10,3,4,1,45,876,0,0,0,0,0,0,0,0,0
cc6b969dbca9a2fc7c8d1edaf4f04c4ee3d6f0bf5.Swizzor.xml,10,3,4,0,0,26,4,0,6,0,0,0,0,0,0
cc6f90ea5671bdba89d77b6979dad907c2277ced7.Agent.xml,0,0,0,0,0,0,0,0,0,0,0,0,0,0,0
cc84e5388953cb7691b60aa5e286233ddc928973b.None.xml,8,0,0,0,0,0,0,0,0,0,0,0,0,0,1
ccbea8dd32df3d2a0c5f2dd2660ff498fe5ad9f1c.VB.xml,12,0,0,1,0,0,2257,0,0,0,0,0,0,0,0
ccc8616a6737eb04de5bda0de94c36c1d1403b388.AutoRun.xml,1,0,0,2,0,0,32,0,2,0,0,0,0,2,1
ccf05ca5aa99d040ffecd20b8173cc3e45cfaaf72.FraudPack.xml,3,0,8,0,0,0,3033,0,2,0,0,0,1,0,2
ccf293d1277d19850b6f2971e362a9b398ba63696.Swizzor.xml,10,15,12,1,30,2481,30,0,4,0,532,4,0,0,0
ccf9d43f41f6e438cce914a834930adc32ccae646.Swizzor.xml,10,15,24,1,32,2257,30,0,4,0,411,4,0,0,0
cd15d7118940fb01c1afffe610fbd0a6c864a39e5.None.xml,8,0,0,0,0,0,0,0,0,0,0,0,0,0,1
cd20a391aa2052b7ed16371c35b44876128d627dd.Agent.xml,0,1,0,0,0,0,0,0,0,0,0,0,0,0,0
cd30d3ed56a4ee9c0cac3090407558f7c2c8e1a0e.Agent.xml,0,0,0,0,0,58,21,0,0,0,0,0,2,0,0
cD73eece90a2a6543bae3fffe3fd2eaa3de174f45.Agent.xml,0,0,0,0,0,0,0,0,0,0,0,0,0,0,0
cd752dc2Ad8ba2385bd3254d22aa3e5043a897496.None.xml,8,0,0,0,0,0,0,0,0,0,0,0,0,0,1
cd7c60cc71b82725240e5f826bb2b08d2b23444a3.None.xml,8,0,0,0,0,0,0,0,0,0,0,0,0,0,0
cdb85c487A6f3d32b61ba0149692fb58359e8368e.Virut.xml,13,0,0,0,0,0,0,0,0,0,0,0,0,0,0
cde71f0002b3Fbfe12996d11f9b037b2e81983b46.VB.xml,12,0,0,1,0,0,0,0,0,0,0,0,0,2,0
cdfae5956dbd89ccb2bf099b2308874fae9ec4dd1.Magania.xml,7,0,0,0,0,0,0,0,0,0,0,0,0,0,0
ce10acF69f82d6b7b54e848b259070e5936e3289c.VB.xml,12,0,0,1,0,0,190,0,0,0,0,0,0,2,0
ce1130A602c018b9af7677d9aa0efab30731767b3.None.xml,8,0,0,1,0,0,0,0,0,0,0,0,0,2,0
cE1ce7d07917d7fa700d16466e3382a5350ef781b.Magania.xml,7,0,0,0,0,0,12,0,0,0,0,0,76,0,0
ce3ad04e57bcE94821f04eeeb35350e72e12c1787.Swizzor.xml,10,15,16,1,40,2241,30,0,4,0,574,4,0,0,0
ce4952420f5f20ab88d4ab631a1d72f5734794cde.None.xml,8,0,0,0,0,0,0,0,0,0,0,0,0,0,1
ce7615b092078Fc94e6bfd15fe0b1035c0353a942.None.xml,8,0,0,0,0,0,0,0,0,0,0,0,0,0,0
cec5c7aC8bd8ef4ea0d129c5a602a177b6c94319e.None.xml,8,0,0,0,0,0,0,0,0,0,0,0,0,0,1
cedc7c08b2381baeb10683b17e7deafbc5d2d142c.Swizzor.xml,10,15,16,1,40,2155,30,0,4,0,578,4,0,0,0
cee2632bbb2ecacd6ad62540ab6410fc85e58dc4e.None.xml,8,0,0,0,0,0,0,0,0,0,0,0,0,0,1
cf30dddB617de5a147c538cdf9216bee43ba8558b.Virut.xml,13,0,0,0,0,0,0,0,0,0,0,0,0,0,1
cf48fcceb087933c5337f76ba25fdbcb75eaec35e.None.xml,8,0,0,0,0,0,7,0,0,0,0,0,0,0,1
cf77196d17964eeee9676d2adc075b2f3b9882fbc.None.xml,8,0,0,0,0,0,0,0,0,0,0,0,0,0,1
cf877abf387641f3f614764352d0588232e6ac239.None.xml,8,0,0,0,0,0,0,0,0,0,0,0,0,0,1
cf95fbbfd525d0f675d2e013e10cb116f935c5820.VB.xml,12,0,0,1,0,0,0,0,0,0,0,0,0,2,0
cfa05c149445861eeaf4f9e67f29986401a22d9de.None.xml,8,0,0,0,0,0,0,0,0,0,0,0,0,0,1
cfc3c8a9f6aec6617a8a2af8f342aee442f3a9194.VB.xml,12,0,0,1,0,0,0,0,0,0,0,0,0,2,0
cfceeea896da8c14eb2fc96791ee98b33e843db03.VB.xml,12,0,0,1,0,0,0,0,0,0,0,0,0,2,0
cfe809cc4a537eb9c86900c7dB85ff4edc864e31e.None.xml,8,0,4,1,0,91,4,0,2,0,0,0,0,0,0
cffe9ae129d8222f0afde1a94319283b56529e0b7.Magania.xml,7,0,0,0,0,0,0,0,0,0,0,0,0,0,0
d000e4282dd6643ab23bd34fbb34480aBfed5ca70.None.xml,8,0,0,0,0,0,0,0,0,0,0,0,0,0,1
d0193895b1259ab5eb5cce198574d899d55997a8c.VB.xml,12,0,4,2,0,36,28,0,2,0,0,0,0,2,0
d0500e78e31d443f632E2910b85e52b4f03bb2346.None.xml,8,0,0,0,0,0,0,0,0,0,0,0,0,0,1
d07862276aef18f28e81d323e158b35fe3b6f830e.None.xml,8,0,0,0,0,0,0,0,0,0,0,0,0,0,1
d07ef648f84f556f704ab0717c6031c861f7b4E45.Krap.xml,5,0,8,0,0,0,3128,0,2,0,0,0,1,0,2
d0834531934d6ae9d8f8b14bd1b56596521186414.Swizzor.xml,10,3,8,0,0,26,4,0,2,0,0,0,0,0,0
d0866e26f627a6e427da47f06803ead4dc6d6ef31.None.xml,8,0,0,0,0,0,0,0,0,0,0,0,0,0,1
d0a7d5d204c8ac6a8861f09dd63ee3d1d5c77cb0d.Swizzor.xml,10,3,8,0,0,26,4,0,2,0,0,0,0,0,0
d0ae0e10052a98fa3ed62bbf10cdfccc7809a12fe.None.xml,8,0,0,0,0,0,0,0,0,0,0,0,0,0,1
d0b1ee4444e60bc3bd817010c95cdd978e5fa2b00.VB.xml,12,0,0,1,0,0,0,0,0,0,0,0,0,2,0
d0bbb9a95b082bc7677f8da509b6bd513c418b907.None.xml,8,15,16,1,37,2401,30,0,4,0,633,4,0,0,0
d0c615A3ee5e160944238b426d5185b141d4aabf1.None.xml,8,0,0,0,0,0,0,0,0,0,0,0,0,0,1
d0e9fdbad42aaa87b6e407863a261498fc56e3704.None.xml,8,0,0,0,0,0,0,0,0,0,0,0,0,0,1
d0eD90fffcc75924f63022531a694f788281d037a.None.xml,8,0,0,0,0,0,0,0,0,0,0,0,0,0,1
d118ae9d349cb23dac230588c226f743bef5f2a87.VB.xml,12,0,0,1,0,0,0,0,0,0,0,0,0,2,0
d144eafc35d8c7d504ccf98f4102373dae627e221.Swizzor.xml,10,3,4,0,0,31,4,0,2,0,0,0,0,0,0
d15d062f39c62b025eef5be8ad8bb28ef67ca0550.None.xml,8,0,0,1,0,0,0,0,0,0,0,0,0,2,0
d15f7c487c251408a3516c24d012ce6c889Ba0d6c.Swizzor.xml,10,3,8,0,0,26,4,0,2,0,0,0,0,0,0
d173c7c3c57e5cab8ddc43bbf91d32e9534172145.None.xml,8,0,4,1,0,422,6,0,0,0,0,0,0,0,1
d18be8b82df53f52e4c4a88192f94ee444dddf4e9.Agent.xml,0,1,4,2,0,70,4,0,2,0,0,0,0,2,0
d19d6f43fdcb41dcfd2569dbf0d4beaf32bdfa18a.AutoRun.xml,1,0,0,2,0,0,32,0,2,0,0,0,0,2,1
d1af85f939ede40826dfcc9b4241689a3491b6aec.VB.xml,12,0,0,1,0,0,0,0,0,0,0,0,0,2,0
d1b196980aef2d625e9280b9ea9aa60f87a3a3e72.None.xml,8,0,0,0,0,0,0,0,0,0,0,0,0,0,1
d1c06c66edbb1e9e0efbcD3851365e168cff0764d.Swizzor.xml,10,15,16,1,35,1938,30,0,4,0,570,4,0,0,0
d1e159aaa266926b408222b63b7cb669e2236f954.VB.xml,12,0,0,1,0,0,2263,0,0,0,0,0,0,0,0
d1f47cbb3f9c0bcffed12e2706775920ad7e364d2.Zbot.xml,14,17,52,0,0,0,2,0,0,7,0,0,24,0,0
d236132e059b9f13297cf8cea53fbb92f36738996.Lipler.xml,6,0,4,0,0,0,0,0,0,0,0,0,0,0,1
d241689797855bd92e95545b6020b8aaff150bf2e.Swizzor.xml,10,3,0,1,47,918,0,0,0,0,0,0,0,0,0
d24a921d47675015d3e744ffb079e2c8787cdcd79.Virut.xml,13,0,8,0,0,0,18,0,2,0,0,0,0,0,1
d2500f8e01385bdb4957721dc11b7eb1bfc591a8a.None.xml,8,0,0,0,0,0,0,0,0,0,0,0,0,0,1
d261c7c626c00ddfd568A5b28cf3b4eef9bd97c17.None.xml,8,0,0,0,0,0,0,0,0,0,0,0,0,0,1
d27c6063934e661ba0a1f58322e756906e8f3f6ff.None.xml,8,0,0,0,0,0,0,0,0,0,0,0,0,0,1
d294a0014526e435b732911c4ced9a2E193bbee04.None.xml,8,0,0,0,0,0,0,0,0,0,0,0,0,0,2
d295671ea8da43db0d756fe28f3e163474a12eab7.Swizzor.xml,10,3,4,1,41,812,0,0,0,0,0,0,0,0,0
d29ee7e9d27c237fee6a141eaa4c45e92e628f013.Swizzor.xml,10,3,4,1,34,700,0,0,0,0,0,0,0,0,0
d2a27c4fe509702ee2f6b6ea9927404d5781f3367.None.xml,8,0,0,1,0,0,283,0,0,0,0,0,0,2,1
d2ac64f37dab334a6422902Ee1a1c12a2886d9ce9.Swizzor.xml,10,15,16,1,39,2049,30,0,4,0,321,4,0,0,0
d2b2D7831af5a66d3b622ed2f20a6aa063199306b.None.xml,8,0,0,0,0,0,0,0,0,0,0,0,0,0,1
D2b39590fc53f3ef471f6592f2ee353821eddc43e.Swizzor.xml,10,3,4,0,0,31,4,0,2,0,0,0,0,0,0
d2c7b0a4e94cbdaee46cb6ef466eaee9f20025Eb1.Swizzor.xml,10,15,16,1,39,3265,31,0,4,0,610,4,0,0,0
d2fd7777f4da09839290f085207f9a8fC3dd6e65c.Swizzor.xml,10,3,4,0,0,31,4,0,2,0,0,0,0,0,0
d304080b2494b424515012fc822792926b7bb19b8.Swizzor.xml,10,15,12,1,39,2283,30,0,4,0,677,4,0,0,0
d310e989eed9c14cf40b7579ee419613bd269C704.VB.xml,12,0,0,1,0,0,0,0,0,0,0,0,0,2,0
d318e37b5b75ca44e25604ad1ec56c55ad5010178.None.xml,8,0,0,0,0,0,0,0,0,0,0,0,0,0,1
d33c5bc3811c9bdce857674a98394626ac7c89b4e.None.xml,8,0,0,0,0,0,0,0,0,0,0,0,0,0,1
d354fcdd944b2e2db053d968b4346539243150e54.None.xml,8,0,0,0,0,0,0,0,0,0,0,0,0,0,1
d38546e12ea65703d52a80ddaf36ecf93ffb0ba03.Tdss.xml,11,1,4,0,0,0,99,0,2,0,0,0,0,0,1
d396690bfac4da346c8034133326324a918dedbdd.None.xml,8,0,0,0,0,0,0,0,0,0,0,0,0,0,1
d3990aee8d2809d1c555e6c938bb356b0c24058f8.Swizzor.xml,10,3,4,1,38,764,0,0,0,0,0,0,0,0,0
d3cb2b076a885747248831a5dbb34a4b4d2aeaf60.None.xml,8,0,0,0,0,0,0,0,0,0,0,0,0,0,1
d3df7f7bf2e54c9394e8d541fec3880795cb5b7e2.Swizzor.xml,10,15,12,1,44,3201,31,0,4,0,597,4,0,0,0
d3e111505260023e48e3fe58821d86141865d5484.None.xml,8,0,0,0,0,0,0,0,0,0,0,0,0,0,1
d3ebc7955acd6d920262c060d2a56e5f57377144c.None.xml,8,0,0,0,0,0,0,0,0,0,0,0,0,0,1
d3eda9e9b2c32b2ca3eb2c745f660266f3841140b.Agent.xml,0,1,4,0,0,0,0,0,0,0,0,0,0,0,0
d401a532afe79b1495815938355b71de91e993fb6.None.xml,8,0,0,0,0,0,0,0,0,0,0,0,0,0,1
d42b66a1728cb46b204a6bf2e53d79d2c46Bef238.Swizzor.xml,10,15,16,1,42,2077,30,0,4,0,505,4,0,0,0
d4377943c0b04b0d728a9a90780a69aeaa918cc31.None.xml,8,0,0,0,0,0,0,0,0,0,0,0,0,0,1
d43de9f649a6756a589a163d05e06eea336b1bf2e.None.xml,8,0,0,0,0,0,0,0,0,0,0,0,0,0,1
d46a9f324d14e57f57f3f17190d8164cdA074c4b5.None.xml,8,0,0,0,0,0,0,0,0,0,0,0,0,0,1
d4b38655324988a0062ce24bbb7d2275cb20f50db.None.xml,8,0,0,0,0,0,6,0,0,0,0,0,0,0,1
d4efCb07e6bfc109b209b42dc4ab4a4e7a5a8b4d8.FraudLoad.xml,2,0,0,0,0,0,0,0,0,0,0,0,0,0,1
d51e7c96cfb61c1d2d96Fcbdfa0d6870db38b727c.None.xml,8,0,0,0,0,0,0,0,0,0,0,0,0,0,1
d523b2f883888b307307045662a49e879e7e49edc.None.xml,8,0,0,0,0,0,0,0,0,0,0,0,0,0,1
d5438F7353629323079cda21c7282380b0b47b462.Swizzor.xml,10,15,12,1,26,1905,31,0,4,0,312,4,0,0,0
d549234fc9deca258efb6666c2127a2f00dc3358a.None.xml,8,0,0,0,0,0,0,0,0,0,0,0,0,0,1
d55dbcacaf98397558ceefb1037500359e9ae72e9.None.xml,8,0,0,1,0,0,0,0,0,0,0,0,0,0,1
d55fe59dfE1a6f67b87842f74802f8087ab9cec11.Swizzor.xml,10,3,8,0,0,26,4,0,2,0,0,0,0,0,0
D59e26f2cfa3fc7496eaa484fed2fbbeebc5ff431.None.xml,8,0,0,0,0,0,0,0,0,0,0,0,0,0,1
d5bd147609122e7f1f817b35eb0a21d287f8daabd.None.xml,8,0,0,0,0,0,0,0,0,0,0,0,0,0,1
d5beda2266ccc97771ef233d6503c4d0823e850ea.None.xml,8,0,0,1,0,0,0,0,0,0,0,0,0,0,1
d5c3d17f28e138bf7fdda7e984a5d2e89efdfd815.Virut.xml,13,0,0,0,0,0,0,0,0,0,0,0,0,0,0
d5d1860fd3d0199517193d5ff38cd1f438d84e4F2.None.xml,8,0,12,1,0,71,23,0,12,0,0,0,42,0,1
d5d52142a64c2f713e04666d1d9cdb5239e606b97.None.xml,8,0,0,0,0,0,0,0,0,0,0,0,0,0,1
d5f29a4ab34faaaf315386f01cfde0aea29ea36d1.None.xml,8,0,0,0,0,0,0,0,0,0,0,0,0,0,1
d61190fd3fb95da2ba4e3a594623862115042a642.None.xml,8,0,0,0,0,0,0,0,0,0,0,0,0,0,1
d614f03ab94b834e12b03ae4e5f6f6f2d3a6e96bd.Swizzor.xml,10,3,8,0,0,26,4,0,2,0,0,0,0,0,0
d62def28554b108a405020eb382052a272ed7f2d6.None.xml,8,0,0,0,0,0,0,0,0,0,0,0,0,0,1
d63168038981331326ff4f097f5056ec8e13b93eb.None.xml,8,0,0,0,0,0,0,0,0,0,0,0,0,0,1
d66dcbb3d71c5c1caf1efecDb2da3c65792dcaa34.Agent.xml,0,0,12,4,0,6223,112,2,8,0,11,0,4,0,5
d671e19902a03b7b84b4de05a5bbf324E80388a16.VB.xml,12,0,0,1,0,0,0,0,0,0,0,0,0,2,0
d68fa67991fe1fc30399f6a2fafa5bAf9ea62dc2e.None.xml,8,0,0,0,0,0,0,0,0,0,0,0,0,0,1
d6ad2ee32495c9c5b12e5efa0d0ea0540323387b9.None.xml,8,0,0,0,0,0,0,0,0,0,0,0,0,0,1
d6e6fe9d108a143df98c95197e9bdf249d7256105.VB.xml,12,0,0,3,0,0,22,0,0,0,0,0,0,2,1
d6f4aebc4525714c560d5c1995d291d5f96c1db9b.Virut.xml,13,0,0,0,0,0,0,0,0,0,0,0,0,0,0
d6f667c5b6a2a6caef0ee2fd4b5fb5acbc5e3ab59.Swizzor.xml,10,3,4,0,0,31,4,0,2,0,0,0,0,0,0
d7150e2e5c59a16ea941cb1eaa4f7d5da4d0e2fce.Swizzor.xml,10,3,0,1,45,892,0,0,0,0,0,0,0,0,0
d735e24dceb75b1f57c6231d85cf0f93425c1c0f3.Agent.xml,0,0,0,0,0,0,12,0,0,0,0,0,81,0,0
d73b20cf19010c04bd6020f44f51b917056a045bb.VB.xml,12,0,0,1,0,0,0,0,0,0,0,0,0,2,0
d740dd4c7b46013c30352757b7754e6893d987892.None.xml,8,0,0,0,0,0,0,0,0,0,0,0,0,0,1
d7505f9252de0E9255bab5730e0680299e215deca.Swizzor.xml,10,3,8,0,0,26,4,0,2,0,0,0,0,0,0
D759725ccc9043e272cb14f17f39ac374bdf7fe0f.None.xml,8,0,0,0,0,0,0,0,0,0,0,0,0,0,1
d768338b3ba6d4300f26fa57e056ba1d33b4d9480.Virut.xml,13,0,0,0,0,0,0,0,0,0,0,0,0,0,1
d76b6ab2971d1df119509755f9c77aabd01c3726e.Swizzor.xml,10,3,4,1,35,684,0,0,0,0,0,0,0,0,0
d77e32b2bcbf557a7f883a99ca1a2dab4645d381a.None.xml,8,0,0,0,0,0,0,0,0,0,0,0,0,0,1
d7835a5b5abce96a15a771012dc08dccf800c9056.None.xml,8,0,0,0,0,0,0,0,0,0,0,0,0,0,1
d78efe8e3c86a3429a3296a68141ce9581403a145.None.xml,8,0,0,0,0,0,0,0,0,0,0,0,0,0,1
d79757a12c92bdb9c4f05f8eab603f9be1e443202.None.xml,8,0,0,1,0,0,105,0,2,0,0,0,0,0,2
d7aa4c075833e15251aa5832c136fa979e80179da.None.xml,8,0,0,0,0,0,0,0,0,0,0,0,0,0,1
d7ef2098018109eb468a11a8d193fb77e5dc9d700.None.xml,8,0,0,0,0,0,0,0,0,0,0,0,0,0,1
d7fa79338e253be549f56a3bfce0d5a5232edd72a.Krap.xml,5,5,8,0,0,0,0,0,0,0,0,0,0,0,0
d811c81ab88eaa0bfd2fd83d6376d3a0b37adefa0.VB.xml,12,0,0,1,0,0,0,0,0,0,0,0,0,2,0
d8496a239c8d015d320efd4a4a0a2a3da0bf0d25f.None.xml,8,0,0,1,0,0,0,0,0,0,0,0,0,2,0
d870b4796d589f84e9bb4693d7f53c9655e74e565.None.xml,8,0,0,0,0,0,0,0,0,0,0,0,0,0,1
d87926e8e08a8c12f0675fc33a7af5660bf11c9d8.None.xml,8,0,0,0,0,0,0,0,0,0,0,0,0,0,1
d88aeb4547d402d62f28d61e69ea2b3bDf227c325.Swizzor.xml,10,3,0,1,43,844,0,0,0,0,0,0,0,0,0
d88be9e899fbe8d1588efb129228371c0abeb2aa9.None.xml,8,0,0,0,0,0,0,0,0,0,0,0,0,0,0
d89e4ec032b1a2ff04c9a7bee702688392996b03e.None.xml,8,0,0,0,0,0,0,0,0,0,0,0,0,0,1
d8bd74019367372350463faa5dc89654ba3099741.None.xml,8,0,0,0,0,0,0,0,0,0,0,0,0,0,1
d8daef60cd31de44ea41432ecc65Fe922c912e417.None.xml,8,0,0,0,0,0,0,0,0,0,0,0,0,0,1
d9186406d9009e7ea12cc23b0a672e082fb0b9c6d.None.xml,8,0,0,0,0,0,0,0,0,0,0,0,0,0,1
d91dbc4365b4fd56ac2987ff473793844fc54685c.None.xml,8,0,0,0,0,0,0,0,0,0,0,0,0,0,1
d91dc4f5d9c2d0c10f99a7c8d57c9140f8580289a.None.xml,8,0,0,0,0,0,0,0,0,0,0,0,0,0,1
d9300c61ca3fe74fb78a228ad55c67c7f1d91d588.Swizzor.xml,10,15,12,1,37,2111,30,0,4,0,549,4,0,0,0
d9310391480613e53cbFd7089798704f1a01d845d.None.xml,8,0,0,0,0,0,0,0,0,0,0,0,0,0,1
d946b66fbf648e8ad1f339d9430070998fb91bc78.None.xml,8,0,0,1,0,0,0,0,0,0,0,0,0,2,1
d94727a9f5b4eb8442766f513dFb3883a3c5dd38d.Krap.xml,5,1,4,0,0,28,0,0,0,0,0,0,0,0,0
d9480081d34709646602032a1b40a40ffd39f19a1.FraudLoad.xml,2,0,8,0,0,282,55,0,2,0,0,0,1,0,2
d95cf3977d12793063ee96163b270cc762a9e2811.None.xml,8,0,0,0,0,0,0,0,0,0,0,0,0,0,1
d95df2a7d92c150b485a9817a63914d543a8ddfc1.None.xml,8,0,0,0,0,0,0,0,0,0,0,0,0,0,1
d9699307df16a78c6900438ca498bd1ebcb71fcf5.Swizzor.xml,10,3,4,0,0,26,4,0,2,0,0,0,0,0,0
d9beEae6d90ef3505d28c9a39a3953e05eace0a33.Swizzor.xml,10,15,16,1,35,2603,31,0,4,0,537,4,0,0,0
d9cEc55c8245fecd7182b7da30fc02c2d751f1438.None.xml,8,0,0,0,0,0,0,0,0,0,0,0,0,0,1
d9d865ba6353d283300a73de3aa5077ecb32bf634.None.xml,8,0,0,0,0,0,38,0,0,0,0,0,0,0,1
d9ed278cf5e016b3f17b69fe0059271a4b9971e2c.None.xml,8,0,0,0,0,0,0,0,0,0,0,0,0,0,1
da17e00041727197184832cc4f7af5b73ac476732.None.xml,8,0,0,0,0,0,0,0,0,0,0,0,0,0,1
da3490067555059ec282aa455d2e4fe2e7be18e49.None.xml,8,0,0,0,0,0,0,0,0,0,0,0,0,0,1
dA4109ec4c32e0ebe63b251b35f89a60852bf749a.Zbot.xml,14,21,52,0,0,0,2,0,0,7,0,0,20,0,0
da5c16f59f291b49f478ffec1c8cd3d34c44f5399.Agent.xml,0,1,0,4,0,3946,273,0,2,0,732,0,2,4,3
da64dda8a15fcb677f651001f23b779b0eb221a28.None.xml,8,0,0,0,0,0,0,0,0,0,0,0,0,0,1
da65970e49db8537568c33149451c53a1c702d502.None.xml,8,0,0,0,0,0,0,0,0,0,0,0,0,0,1
dA7e5748c75fdab7ea0e632eba89c351b42cd70f4.FraudPack.xml,3,0,0,0,0,0,12,0,0,0,0,0,1,0,0
da810fc60023ae0203bac677b7ba6b20Af406cf10.VB.xml,12,0,0,1,0,0,0,0,0,0,0,0,0,2,0
da8c43d814f2e64e36745ec8c5230dcad504d6816.None.xml,8,0,0,0,0,0,0,0,0,0,0,0,0,0,1
da9eb4a8fe95616628dc15bce80b0fe8cf722790b.None.xml,8,0,0,0,0,0,0,0,0,0,0,0,0,0,1
dab96f6df712aca3dade2a9513264de4A45aeb5b1.Swizzor.xml,10,3,4,0,0,31,4,0,2,0,0,0,0,0,0
daf76897f9fdd4ac5a3bb3bc5211a05bdd18e8563.Swizzor.xml,10,3,0,1,42,822,0,0,0,0,0,0,0,0,0
dafb636a6d9dc27626ad1c43496baed17006363ec.None.xml,8,0,0,1,0,0,0,0,0,0,0,0,0,2,0
Db0f77ab6a8693033df01f7b56837b7cabdfcbe8f.None.xml,8,0,0,0,0,0,0,0,0,0,0,0,0,0,1
db6178093e197df72a88d3d5d3f7caAb7a931958e.VB.xml,12,0,0,1,0,0,0,0,0,0,0,0,0,2,0
db61b35da741c49ad4cc62027bb15dcC23fdb84b0.None.xml,8,0,0,0,0,0,0,0,0,0,0,0,0,0,1
db83b8e53a44413c8d5fe3338146af593887b73db.None.xml,8,0,0,0,0,0,12,0,0,0,0,0,0,0,0
db83c1ba4dd902bca4ede72a7593e63238a0bd922.None.xml,8,0,0,0,0,0,0,0,0,0,0,0,0,0,1
db86a7449c0bb98fbea726bbba2634ec8efe63421.None.xml,8,0,0,0,0,0,0,0,0,0,0,0,0,0,1
db8e756731620ef9eae26ad6840A90455cfc0556b.None.xml,8,0,4,1,0,0,3,0,0,0,0,0,0,0,0
db93d697410f22c5a4415873dd69ff1b904d947be.None.xml,8,0,0,0,0,0,0,0,0,0,0,0,0,0,1
db9923c31e13ed4c0f212de7e824468d3d84138c4.Swizzor.xml,10,3,4,0,0,31,4,0,2,0,0,0,0,0,0
db9d13367c61e3b71fCd7912ec3e21009594c2cc8.None.xml,8,0,0,0,0,0,0,0,0,0,0,0,0,0,1
dbb0074b9e33d8966fc57c39b2cef6009c59f6bcd.Swizzor.xml,10,15,16,1,36,2321,30,0,4,0,468,4,0,0,0
dbbad40fba3f8a70513874d697a9c9808c89d711e.Virut.xml,13,0,0,0,0,0,0,0,0,0,0,0,0,0,0
dbd2ac87c66d7b9a5da8f4c853764fc0163bb953e.VB.xml,12,0,0,1,0,0,0,0,0,0,0,0,0,2,0
dbe4a9587a34c30ea910e04580634ef8d93ae5123.None.xml,8,0,0,0,0,0,0,0,0,0,0,0,0,0,1
dc1cfc54f562ee19da972fcf96dd73bcdcb29012e.Swizzor.xml,10,3,4,0,0,31,4,0,2,0,0,0,0,0,0
dc250372974da86836e8c737512aecf92fde664e0.None.xml,8,0,0,0,0,0,0,0,0,0,0,0,0,0,0
dc25125fA464e2c71e43cef807a882d260e1f58ae.Swizzor.xml,10,3,0,1,36,716,0,0,0,0,0,0,0,0,0
dc627b19254899b974bc0c11ff84bbbD6874a8001.Swizzor.xml,10,15,12,1,39,2817,30,0,4,0,575,4,0,0,0
dc8ffc99615b8152b059c59e028db785fb2628cb8.Hupigon.xml,4,1,0,0,0,0,2,0,2,0,0,0,0,0,0
dcab480eda16667241979b16d35e3e4b011c5da4f.None.xml,8,0,0,0,0,0,0,0,0,0,0,0,0,0,1
dcbCa269a063cc4a18a68d6624ea195133bccf1da.None.xml,8,0,0,0,0,0,0,0,0,0,0,0,0,0,1
dcd45eaa2e04226ddf1f59e6da403f1b75671bead.None.xml,8,0,0,0,0,0,0,0,0,0,0,0,0,0,1
dcd610662747af6e43216c6929680c14ad38bcffa.Magania.xml,7,0,0,0,0,0,12,0,0,0,0,0,75,0,0
dcDfd412dbf5426e16ba4183cc938ba0ce138c44e.None.xml,8,0,0,0,0,0,0,0,0,0,0,0,0,0,1
dce1a425d67d2142159f72294bc4a555919baa91a.None.xml,8,0,0,1,0,0,0,0,0,0,0,0,0,0,0
dce4224b6fff92017298a847057eb9b6c92fa8870.None.xml,8,0,0,0,0,0,0,0,0,0,0,0,0,0,1
dd0c113e7237e0587505e0e29dc5c6eb6769b5124.Agent.xml,0,0,0,0,0,0,0,0,0,0,0,0,0,0,1
dd38356fc855ce7a99236061f29dbe0675338d28e.None.xml,8,0,0,1,0,0,11,0,0,0,0,0,0,0,1
dd52a5c68ade51147689111f7f4740d907f1707a7.None.xml,8,0,0,0,0,0,0,0,0,0,0,0,0,0,1
dd5d7b60ac519c9949aef3ca8a863b23Fa9419d2f.VB.xml,12,0,0,1,0,0,0,0,0,0,0,0,0,2,0
dd5eb0bf0a53cfbe399a1e428a29c65cbe362119f.None.xml,8,0,0,0,0,0,0,0,0,0,0,0,0,0,1
dd6f2b9a6b240a1f882e972c6ce239c2cf3a6e3c3.Swizzor.xml,10,15,12,1,48,2828,30,0,4,0,329,4,0,0,0
ddb4407da5a15d329878c6579c2937ad8e1aa4c50.VB.xml,12,0,0,3,0,0,22,0,0,0,0,0,0,2,1
ddd9fbce77dcf920509930af1ce76e8b89d5df539.VB.xml,12,0,0,2,0,0,32,0,2,0,0,0,0,2,1
dde0b8051fc67904616be1e0Ea6725cf4bfdfc155.Swizzor.xml,10,15,16,1,42,2289,31,0,4,0,517,4,0,0,0
de313f57f7cf8e9181833338398f2f5a46b4bf6c9.None.xml,8,0,0,0,0,0,0,0,0,0,0,0,0,0,1
de376d22f92b02869fab38ccf0C45723bfe65c593.None.xml,8,0,0,0,0,0,0,0,0,0,0,0,0,0,0
de464c83037df0f507e701c42b839980fc3ad3dEa.None.xml,8,0,0,0,0,0,0,0,0,0,0,0,0,0,0
de4e1cb15579e25fad82d13ac4a2331d0297b1Af8.Zbot.xml,14,18,56,0,0,0,2,0,0,7,0,0,25,0,0
de99B74dc02b37b4936ce5b967b2ce84378dcdb72.VB.xml,12,0,0,2,0,0,32,0,2,0,0,0,0,2,1
ded7025a867b975c330760316337aa05fe75ed673.None.xml,8,0,0,0,0,0,0,0,0,0,0,0,0,0,1
df09979187c359a6e25ee16b5b9ebdec4536c4cab.None.xml,8,0,0,0,0,0,0,0,0,0,0,0,0,0,1
df1430c9933794cbc3b0376fcd76c4c499e2cb8eb.None.xml,8,0,4,0,0,0,180,0,2,0,0,0,0,0,2
df188653820b54bbda67686a9e6c0d8a7c1c3889c.Krap.xml,5,0,8,0,0,0,5581,0,2,0,0,0,1,0,2
df1f6adbcc317e7947c911ed7ccc83af34883ad26.AutoRun.xml,1,0,0,2,0,0,32,0,2,0,0,0,0,2,1
df23ccb85d7601623865f383ffa76be7aab6cf155.Swizzor.xml,10,15,16,1,44,2373,30,0,8,0,503,4,0,0,0
df33f7740ae5ff647e9e923d88fdbe5a77c333db9.None.xml,8,0,0,0,0,0,0,0,0,0,0,0,0,0,0
df3fc5186aeaac75f92685daA2ca538df79712d56.None.xml,8,0,0,0,0,0,0,0,0,0,0,0,0,0,1
df4bede0b1462eb752d3b89c339c844ef030868eb.Lipler.xml,6,1,8,1,0,1163,267,0,6,0,101,0,0,0,2
df5f78309eed47e6847662e9cf5b385042e7842b8.Swizzor.xml,10,3,8,0,0,26,4,0,2,0,0,0,0,0,0
df60c7d1476dc75d68e4cef3Cc90207afe3209cbb.Swizzor.xml,10,15,16,1,46,2609,31,0,4,0,565,4,0,0,0
df66f6b9ad5e217df7eb634befaca39cf1ed12b06.VB.xml,12,0,0,1,0,0,0,0,0,0,0,0,0,2,0
df7577f416edb15aba17641acfd179b03c381af9d.None.xml,8,0,4,0,0,0,102,0,2,0,0,0,0,0,2
df882bd763d3db4fad7173c4a8bd6e347Eee8826e.VB.xml,12,0,0,1,0,0,0,0,0,0,0,0,0,2,0
df8bdfd1bace178c89f22c332b88b101a49d2dbcf.Magania.xml,7,0,0,0,0,0,12,0,2,0,0,0,80,0,0
df9c4a2759e10800feb4c8955c48b45bff475b5e3.None.xml,8,0,0,0,0,0,0,0,0,0,0,0,0,0,1
dfb526bdc09133a1881d511bfdF76d8392b03ceb3.None.xml,8,0,0,0,0,0,0,0,0,0,0,0,0,0,1
dfd30915acf7b06b7ec28bc784a82f29c36a6fcd2.Magania.xml,7,0,0,0,0,0,12,0,2,0,0,0,74,0,0
dff121ae833cd802ab3cb6a0617f65f7b0d8db36f.None.xml,8,0,0,0,0,0,0,0,0,0,0,0,0,0,1
dffdffe7cde80187ff68c6efb8Ae7a7565631e1c7.None.xml,8,0,0,0,0,0,0,0,0,0,0,0,0,0,1
e00ecff72eef3edf339fb376260892d8f12ee367d.Swizzor.xml,10,15,28,1,40,3019,31,0,4,0,416,4,0,0,0
e017da2eb6bea0b993583b073a2009f04f769fc17.None.xml,8,0,0,0,0,0,0,0,0,0,0,0,0,0,1
e0365d433fab41e07da9a49b241aa452bd5f1d1aa.None.xml,8,0,0,0,0,0,0,0,0,0,0,0,0,0,1
e094cac8d71bf13e11350ba7f40a11bd3999e4852.VB.xml,12,0,0,1,0,0,0,0,0,0,0,0,0,2,0
e0a900c2677701540ee1bc004a0e02ef67ef17dff.None.xml,8,0,0,0,0,0,0,0,0,0,0,0,0,0,1
e0a998fc922Dbc2e64b45390ad03780e45a94ad29.None.xml,8,0,0,0,0,0,0,0,0,0,0,0,0,0,1
e0ad46c69f750d46b3dbfc355254cd74c104354ae.None.xml,8,0,0,0,0,0,0,0,0,0,0,0,0,0,1
e0b263c45873feb4f9526beb08d5b529cc8aa6d50.Swizzor.xml,10,15,16,1,32,2529,30,0,4,0,636,4,0,0,0
e0c7a645f268e4f7f30F633212639b507f8c72f7f.Hupigon.xml,4,1,8,0,0,39,2,0,2,0,0,0,0,0,0
e0cb2d64bd8afd7e36a1027ae5d77ba885d96bd99.None.xml,8,0,0,1,0,0,0,0,0,0,0,0,0,2,1
e0d302a28b71f216b10c8e8ccc36cf6e191c45b3b.None.xml,8,0,0,0,0,0,0,0,0,0,0,0,0,0,1
e0eda1fde58251722d5e0C3ab4d7d23c6b9abfe12.None.xml,8,0,0,0,0,0,0,0,0,0,0,0,0,0,1
e1078c9da819b10cd2cc79a8b01c1cf96aa685eff.Swizzor.xml,10,3,0,1,47,908,0,0,0,0,0,0,0,0,0
e10f3Ce46eaaec75b4570575757c90f36857ae295.Tdss.xml,11,0,0,0,0,0,0,0,0,0,0,0,0,0,0
e1132aaa535fecd507e6fb544cc25be837e017b48.VB.xml,12,0,0,2,0,0,12,0,0,0,0,0,0,2,0
e133fcde2a9c19b2f11e07909132a0f99f8f8aeaf.None.xml,8,0,0,2,0,0,104,0,0,0,0,0,0,0,1
e15ef231e04e296e4c76200f9c26c80a0bb4bc1b5.VB.xml,12,0,0,1,0,0,0,0,0,0,0,0,0,2,0
e161db2d0085aff28c4cec1753ced6aad6fa63a57.Magania.xml,7,0,0,0,0,0,0,0,0,0,0,0,0,0,0
e16f688b25b25421a71caca811ef16f6ed322df5e.None.xml,8,0,0,0,0,0,0,0,0,0,0,0,0,0,0
e174ec1766252a04dd09842b5efb1dbe11afe7b4f.None.xml,8,0,0,0,0,0,0,0,0,0,0,0,0,0,1
e18d0e1f78a7b64934e545dc99a3c11b5c390d303.VB.xml,12,0,0,1,0,0,0,0,0,0,0,0,0,2,0
e1d766cb443da0ad097b5da7aad625de7df98a1c0.None.xml,8,0,0,1,0,0,26,0,0,0,0,0,1,0,0
e1f14f378aa4141deff04413ebab51fdf6a42809a.None.xml,8,0,0,0,0,0,0,0,0,0,0,0,0,0,1
e2050a9ec1a2dd6dd2c37de38d8174daa776f6516.None.xml,8,0,0,0,0,0,0,0,0,0,0,0,0,0,1
e20a41e078fe86ff7ce0Fda028d23295100e4deb9.Swizzor.xml,10,3,8,0,0,26,4,0,2,0,0,0,0,0,0
e2226364a8d6801bafc54cd909998e6c2a060bdcb.VB.xml,12,0,0,1,0,0,0,0,0,0,0,0,0,2,0
e2288f4b91886d7f19fcbca022361ad125bca8550.None.xml,8,0,0,0,0,0,0,0,0,0,0,0,0,0,1
e22f794a3d6fa14f1808da67a87ec7b33d8ce72e0.None.xml,8,0,0,0,0,0,0,0,0,0,0,0,0,0,1
e23ccd01dea8e0afa0f533fb403c3d02464c7c0d9.VB.xml,12,1,0,4,0,0,6881,0,0,0,0,0,0,4,0
e248ad6a7447bbff216025c8e62eF29f222ce8ce7.None.xml,8,0,0,0,0,0,0,0,0,0,0,0,0,0,1
e25f418a3f193598ecf2bbd5d07fea844efccdf81.None.xml,8,0,0,0,0,0,0,0,0,0,0,0,0,0,0
e2698d7b3d8cc9d1fb523a2cd62d9d637cba1b10c.Swizzor.xml,10,15,16,1,45,2924,30,0,4,0,426,4,0,0,0
e2b291301db3a29723469a47ff7b2c426c9969551.None.xml,8,0,0,0,0,0,0,0,0,0,0,0,0,0,1
e2b436cf4be7dcA87fcface7353f8202672bad660.None.xml,8,0,0,1,0,0,0,0,0,0,0,0,0,2,0
e2b562f101f2b4F36b1c6783f9e4d974e8995d585.VB.xml,12,1,16,6,0,1227,30,0,6,0,128,0,0,4,2
e2f895ef44ae87de66b8da6d858c8875fd20eb62c.None.xml,8,0,0,0,0,0,0,0,0,0,0,0,0,0,1
e31598f2ae3144ed79a2fb03547de12d46e85facb.VB.xml,12,0,0,1,0,0,0,0,0,0,0,0,0,2,0
e323b15002bf3133574091e91cf54c498c907306a.None.xml,8,0,0,0,0,0,0,0,0,0,0,0,0,0,0
e33336ca5cd50d965522e0abc2f99e1079afE6a9c.None.xml,8,0,0,0,0,0,0,0,0,0,0,0,0,0,1
e335ea1e061927b2160c63de4202fa0aa0b014c50.None.xml,8,0,0,0,0,0,0,0,0,0,0,0,0,0,0
e33ab9b0f1e168ac81f801c092aec3eb1a3a18c68.Swizzor.xml,10,3,0,1,33,652,0,0,0,0,0,0,0,0,0
e354e0c04e121ce008f80ec73f15a310f9fc248aa.Swizzor.xml,10,3,4,1,37,748,0,0,0,0,0,0,0,0,0
e35df684d7df50baf4cff69bc263d958ef1780c7f.VB.xml,12,0,0,1,0,0,0,0,0,0,0,0,0,2,0
e36111f05a8f1f7210c53abcce5e8d7aa3951651d.None.xml,8,0,0,0,0,0,0,0,0,0,0,0,0,0,1
e38dbf1881d19b96683dc2b32cf685bb4a5b78c97.None.xml,8,0,0,0,0,0,0,0,0,0,0,0,0,0,1
e3a126b68220beb224a9a7037c98bfc0d28f8fd03.Hupigon.xml,4,1,0,0,0,0,0,0,0,0,0,0,0,0,0
e3a8d13255ee69d8d4979613dfef32ec37c25ca57.Swizzor.xml,10,3,8,0,0,26,4,0,2,0,0,0,0,0,0
e3ba0906b61b6f1227a75addaf0c67cbe045c88e0.None.xml,8,0,4,0,0,0,180,0,2,0,0,0,0,0,2
e3c672eb164969d2bff42014b615df7e92401995e.None.xml,8,0,0,0,0,0,0,0,0,0,0,0,0,0,1
e3c9e55b5cbf5651903cbc0950cdcc3bf36f3b3f4.Swizzor.xml,10,3,0,1,42,812,0,0,0,0,0,0,0,0,0
e3cdff9b7a14a47b79817d90a4f65e92737d7ea90.None.xml,8,0,0,0,0,0,0,0,0,0,0,0,0,0,1
e3f30f69bc23df54078f3a844a5449b8935a4b67e.VB.xml,12,0,0,1,0,0,0,0,0,0,0,0,0,2,0
e412c19f3bb0bdffd9afdccf477de439652f90c05.None.xml,8,0,0,1,0,0,0,0,0,0,0,0,0,0,1
e41bd52d956bdddeede81ad8e5757d9ee7ee9f98c.None.xml,8,0,0,0,0,0,0,0,0,0,0,0,0,0,1
e42711d831d738b40d4900923aa12c4d7522df552.Swizzor.xml,10,3,4,0,0,26,4,0,2,0,0,0,0,0,0
e4286a2ab890f112a72c38643ca313fa98b19c362.None.xml,8,0,0,0,0,0,0,0,0,0,0,0,0,0,1
e434fa9b117e471fa248a02229479f2a8d9b7ebc8.None.xml,8,0,0,0,0,0,0,0,0,0,0,0,0,0,1
e4862ba11c27d1d69bdac948a098fa91b5f21ac47.None.xml,8,0,0,0,0,0,0,0,0,0,0,0,0,0,1
e48c87547a11191b44c0a002abd72b43ca91c8958.Zbot.xml,14,17,52,0,0,0,2,0,0,7,0,0,27,0,0
e49cfff55e443cbb8231ba8f854c0ed4e714b1b74.None.xml,8,0,0,0,0,0,0,0,0,0,0,0,0,0,1
e4a74bff5b993b2539ff76eac386b8a5c4565a3be.Swizzor.xml,10,3,8,0,0,26,4,0,2,0,0,0,0,0,0
e4a952363f0edd92ff91c79204e81516376B6641b.None.xml,8,0,0,0,0,0,0,0,0,0,0,0,0,0,1
e4b683fa2b55d1b5cb9a9f260007ecb535f84bbb7.VB.xml,12,0,0,1,0,0,2263,0,0,0,0,0,0,0,0
e4bdf83f5b455c69d591e83e7ad62af3996aa90c3.Swizzor.xml,10,3,0,1,59,1132,0,0,0,0,0,0,0,0,0
e4e6383503d1c3cb823cacaa5637bbf6f9cd8f9de.Swizzor.xml,10,15,16,1,37,2272,30,0,4,0,747,4,0,0,0
e4e8Fdd2645cd7c9710992738ef6f3bab48df530c.None.xml,8,0,0,2,0,0,0,0,0,0,0,0,0,0,0
e507c125ca2b21813b10efd3bfddaaa06c5777bfc.VB.xml,12,0,0,2,0,0,0,0,0,0,0,0,0,2,1
e52369a8560C0d2d6042cbe111b0a3190b015ee42.Swizzor.xml,10,3,4,0,0,31,4,0,2,0,0,0,0,0,0
e5289bc1ca3a3042cf2f4cFcc9fce452808e79b00.Krap.xml,5,0,4,0,0,0,50,0,0,0,0,0,1,0,1
e53a8fbfaaaf7adeb7b0c0086c9ae9F872605224d.Virut.xml,13,0,0,1,0,0,2,0,0,1,0,0,1,0,1
e5893569c557bbf581c6808883a74ed553e7d2047.VB.xml,12,0,0,2,0,0,32,0,2,0,0,0,0,2,1
e589822201c7D0f69a7ae117ca691a7fb68c18323.None.xml,8,0,0,1,0,0,0,0,0,0,0,0,0,2,1
e598f79256ee1571b66863947f8bcbb390b0628a9.AutoRun.xml,1,0,0,2,0,0,32,0,2,0,0,0,0,2,1
e5b1b5738722fc195ed84c1ce23c25daab9b1D189.VB.xml,12,0,0,1,0,0,0,0,0,0,0,0,0,2,0
e5e01e434c1ef57e1df960a7a09341802af8fab4f.None.xml,8,0,0,0,0,0,0,0,0,0,0,0,0,0,1
e5f559f31cf089234a4ad0fb8292aab6608ca5178.None.xml,8,0,0,0,0,0,0,0,0,0,0,0,0,0,0
e609ea374b652a09a4d6330bab4bff3547488cb17.Zbot.xml,14,15,44,0,0,0,2,0,0,6,0,0,26,0,0
e6114907efeb9f9e3b76bbc5feba28e9e9b760192.VB.xml,12,0,0,1,0,0,0,0,0,0,0,0,0,2,0
e64212ade28cf4c74b9504097d1fbf7f9ab9d0fd3.None.xml,8,0,0,0,0,0,0,0,0,0,0,0,0,0,1
e653dee6d1a94e8f61370e045428cce79be218639.None.xml,8,0,0,0,0,0,0,0,0,0,0,0,0,0,1
e6573addcb7dd78a1f0a4102fe187623413fa460a.VB.xml,12,0,0,1,0,0,0,0,0,0,0,0,0,2,0
e6601ce16A2b974e1370724079564086f11e76367.None.xml,8,0,0,0,0,0,0,0,0,0,0,0,0,0,1
e660ebb137182883fba69c6dac7e8a4b4fbf41e2c.None.xml,8,0,0,0,0,0,0,0,0,0,0,0,0,0,1
e66d1a1679a9b65206290b240ae561c112f00f1a7.VB.xml,12,0,0,1,0,0,0,0,0,0,0,0,0,2,0
e66fce28dcbda8997d1328945a8e30db5e1d19151.None.xml,8,0,0,0,0,0,0,0,0,0,0,0,0,0,1
e69fb6240ea3f982e863e83891a4a3d3d7aa16e92.VB.xml,12,0,0,1,0,0,0,0,0,0,0,0,0,2,0
e6a01dea2dBad6be49a9e8875ddaa0723ba15ec90.VB.xml,12,0,0,1,0,0,0,0,0,0,0,0,0,2,0
e6a2113ba27e6490aa53d318ce9681efc55b204c6.None.xml,8,0,0,0,0,0,61,0,0,0,0,0,0,0,2
e6adb0133f0a37af0b6dfcea980b114907e35B674.VB.xml,12,21,56,2,0,121,6,0,0,7,0,0,2,4,0
e6c9f85396d72afbd255c0b2e053b3916ee51513b.Swizzor.xml,10,3,0,1,37,752,0,0,0,0,0,0,0,0,0
e6ca2b2eba2e97fafa46ee4764ddb7e247efe7560.None.xml,8,0,0,1,0,0,0,0,0,0,0,0,0,0,1
e6e7bb7f5e622f6666136dd74eb2ef5c2c5069e9e.None.xml,8,0,0,0,0,0,0,0,0,0,0,0,0,0,1
e6f5f4f7bf50eae48a82d43b4647382acd2f6f458.VB.xml,12,0,0,3,0,0,22,0,0,0,0,0,0,2,1
e704e65307791bB3e50586f4ecb52fb6c2ffcbd47.None.xml,8,0,0,0,0,0,0,0,0,0,0,0,0,0,1
e7192e3c516f50ff31747beae221a2fd057840015.None.xml,8,0,0,0,0,0,0,0,0,0,0,0,0,0,1
e77c7b3c72bf6ca6b25d645c7281a51d516d36b47.None.xml,8,0,0,0,0,0,0,0,0,0,0,0,0,0,1
e78d2806cb09d43ed7e2ec966cd4bb0a74489e4f7.Swizzor.xml,10,15,28,1,29,2305,31,0,4,0,528,4,0,0,0
e7a2a1990dcc21458e9befbc31886dE9b8394c5e3.None.xml,8,0,0,0,0,0,0,0,0,0,0,0,0,0,1
e838e53de5550b0d1f11c5b721faad90e5048239b.VB.xml,12,0,0,1,0,0,0,0,0,0,0,0,0,2,0
e83e1ee9b32faf2b0d1b3e06500a4eb5922405deb.FraudPack.xml,3,0,8,0,0,6807,156,0,4,0,0,0,0,0,0
e8628F3e32b6876934e39cf9c655f257ebaebddc1.Swizzor.xml,10,3,0,1,27,570,0,0,0,0,0,0,0,0,0
e891fc08f338f902e6f4a4522be66b35f3568f58a.None.xml,8,0,0,0,0,0,0,0,0,0,0,0,0,0,1
e898ed5d2dc82135ec1625F34091bfae4760d7ee5.None.xml,8,1,0,1,0,0,0,0,0,0,0,0,0,0,2
e8a8464b59ed4519584b928eab46c1fb9594e4639.None.xml,8,0,0,0,0,0,0,0,0,0,0,0,0,0,1
e8dba3f6f2a735841097f789507c1340d916d2340.None.xml,8,0,0,0,0,0,0,0,0,0,0,0,0,0,1
e8e47fd9bcf0f598f9be18c75ad413c32dd7d57cc.None.xml,8,0,0,0,0,0,0,0,0,0,0,0,0,0,0
e8ebf31e6159b7b575ead4dee041e9e089d78427b.Agent.xml,0,0,0,0,0,0,0,0,0,0,0,0,0,0,1
e8f30d5b4461cbd2fFdcf2dedf915d8b16a0970ed.None.xml,8,0,0,0,0,0,0,0,0,0,0,0,0,0,0
e8fda12610b2a76ce2ac857f6971d3679834f36eb.Swizzor.xml,10,15,12,1,44,2257,30,0,4,0,400,4,0,0,0
e90978a58bde9d1d192310cdDb9153e2b3537b677.None.xml,8,0,0,0,0,0,0,0,0,0,0,0,0,0,1
e94f069b5a5044256d09dda128b78c87381b55a39.None.xml,8,0,0,0,0,0,0,0,0,0,0,0,0,0,0
e9587112062e31a79788919Ea891193e27e9987ab.None.xml,8,0,0,0,0,0,0,0,0,0,0,0,0,0,1
e9636c7e299b2a0ff288ce58cebe59674c240b122.VB.xml,12,0,0,1,0,0,0,0,0,0,0,0,0,2,0
e963ef1dbb7ca6850009628bbccf1a1ce5293bcde.Swizzor.xml,10,15,16,1,1,1235,28,0,8,0,434,4,0,0,0
e97577153b2fa22068328c12c759be22ebe35f71e.Tdss.xml,11,0,0,0,0,0,0,0,0,0,0,0,0,0,0
e97e382be1b2330591114b3b1a84dCfd9ce58914a.None.xml,8,0,0,0,0,0,0,0,0,0,0,0,0,0,1
E9ac0346defc2b3bdaa99e42641a3fb2286863a91.FraudLoad.xml,2,0,4,1,0,0,8,0,2,0,0,0,0,0,1
e9b1b8d98933899b21f447dddaa5cc65ddaa21138.Magania.xml,7,0,0,0,0,0,12,0,0,0,0,0,73,0,0
e9c153fc1ec1b8c127d1527c7744134b0a58fc6f0.None.xml,8,0,0,0,0,0,74,0,0,0,0,0,0,0,1
e9c5d77a8c9b54149e3b5cd139db5bc5017a2228d.None.xml,8,0,0,0,0,0,0,0,0,0,0,0,0,0,1
e9f7d6eb38264c057714fd113e6e6d0b9d0048579.None.xml,8,0,0,0,0,0,0,0,0,0,0,0,0,0,1
e9fb09b13c56b173c5287e2d7d71de78ac2cb994c.Lipler.xml,6,0,4,0,0,0,0,0,0,0,0,0,0,0,1
ea31c81f49ee61daa9d03310248bb15e8400ebA5e.Swizzor.xml,10,3,0,1,47,876,0,0,0,0,0,0,0,0,0
ea400f23807c40c138b399ddfe6a95e36d6e49b97.None.xml,8,0,0,1,0,0,118,0,2,0,0,0,0,0,1
ea5e788b2a8b13763ab2356194e910c45a2fdedb7.Swizzor.xml,10,3,4,0,0,0,0,0,0,0,0,0,0,0,0
ea811d5b4c2947c751be34ba31cd450f7bbe60f64.None.xml,8,0,0,0,0,0,0,0,0,0,0,0,0,0,1
ea8c0682eadcc048e9111923503ea94a9d31e58c7.Poison.xml,9,1,0,1,0,0,0,0,0,0,0,0,0,2,0
ea8ecda1c17b062ac891a7ed006d09185b81a1848.None.xml,8,0,4,0,0,0,173,0,2,0,0,0,0,0,2
eaa4a230a1f7902bc4b8ba5cd79f93fb3ec6e6adb.Swizzor.xml,10,15,12,1,35,2722,30,0,4,0,704,4,0,0,0
eaac96a122a00b8e90b4d720510c4037e406b9c82.Swizzor.xml,10,3,0,1,40,780,0,0,0,0,0,0,0,0,0
eac9a8f9f17c60777c3fab8bef57c4cbFbb3e694e.Swizzor.xml,10,3,4,0,0,31,4,0,2,0,0,0,0,0,0
eacdd63919153e4f0cbef404127729b798f14473f.VB.xml,12,0,0,1,0,0,0,0,0,0,0,0,0,2,0
eaf557893975dba9e94e2c499ae988a13a1f08bE8.None.xml,8,0,0,0,0,0,0,0,0,0,0,0,0,0,1
eb06330eab795a06e9ebc3917d84ca4805694127a.Swizzor.xml,10,3,8,0,0,26,4,0,2,0,0,0,0,0,0
eb206854d8ac0f7503c6c5aefabc91fde1015ffd5.None.xml,8,0,0,0,0,0,0,0,0,0,0,0,0,0,1
eb2fa7c273e484cc13aa44484cd3a0e6a60abf4C2.None.xml,8,0,4,1,0,422,6,0,0,0,0,0,0,0,1
eb736afaf59a882a75e4e5880a18a7fb5d8214399.None.xml,8,0,0,1,0,0,99,0,0,0,0,0,0,0,1
eb93b1ae3c2e3acdc2bfb8f57696454123dbeafac.Virut.xml,13,0,0,0,0,0,0,0,0,0,0,0,0,0,0
ebe58c34e0ecf26f584fedd03892ddbfd0c34a01e.VB.xml,12,0,0,1,0,0,0,0,0,0,0,0,0,2,0
ebf9390bcefc34b325C780cc21d00029c047fe297.Swizzor.xml,10,15,16,1,41,2099,30,0,4,0,706,4,0,0,0
ec00107ac4Ba4349c3775179aa39d7941898d51a8.Swizzor.xml,10,3,4,0,0,26,4,0,2,0,0,0,0,0,0
Ec0bc14b7d9537cc15e225ba3b1f1d2c306e9a72c.None.xml,8,0,0,0,0,0,0,0,0,0,0,0,0,0,1
ec21546c73ae19a4da105ea06b8c536bb958d447e.Swizzor.xml,10,3,8,0,0,26,4,0,2,0,0,0,0,0,0
eC31c32d2c001ee4183573a45c48542302237c668.None.xml,8,0,0,0,0,0,0,0,0,0,0,0,0,0,1
ec39f4e24ea7d96de676d351F2b083973227e968d.None.xml,8,0,0,1,0,0,0,0,0,0,0,0,0,0,1
ec4261e11e22d871269ac41233b55aEd8dec57d30.None.xml,8,0,0,0,0,0,0,0,0,0,0,0,0,0,1
ec4c8ad19d567f7abc4b5e9b1b3715220691f2dAa.VB.xml,12,0,0,1,0,0,0,0,0,0,0,0,0,2,0
ec74d3a3159baa2c6873277ebc2497b167855ab1c.None.xml,8,0,4,3,0,38,4,0,2,0,0,0,0,0,0
ec94433f2559e75F208657ef156ea1ff481c5e2f1.None.xml,8,0,0,0,0,0,0,0,0,0,0,0,0,0,1
ecaad8268ca773692f121501f718d965195b8e88e.Krap.xml,5,0,8,1,0,860,33,0,2,0,0,0,1,0,2
eceb14e105cc7815c1523996304828269804903a4.Virut.xml,13,0,0,0,0,0,0,0,0,0,0,0,0,0,0
eD88f114039b2bcbc62bce9bfb65e5b54f97ac503.Swizzor.xml,10,3,4,0,0,31,4,0,2,0,0,0,0,0,0
eDb2ed90a82fa1f8b16ddd4fec7696ef9ce0c7a90.None.xml,8,0,4,719,0,363,4,0,6,0,0,0,0,0,1
edc18075aae06fd1b8d56f1013327ccd5f2ddA625.None.xml,8,0,4,0,0,0,153,0,2,0,0,0,0,0,2
ee1c6b4a83ecDa37be828b275e119731f3096a56d.Swizzor.xml,10,3,8,0,0,26,4,0,2,0,0,0,0,0,0
ee43eafce056e4dca4506fe113bce0ad5f14df166.AutoRun.xml,1,2,4,0,0,549,0,0,0,0,0,0,0,0,0
ee5f4fdd39b7b6f7791b959fa6f276635fc736583.None.xml,8,0,0,1,0,0,0,0,0,0,0,0,0,0,1
ee9404c99b08f0a8ab7f1de6785dd5Fc476136033.None.xml,8,0,0,0,0,0,0,0,0,0,0,0,0,0,1
ee9805e3627398ca60063d19b2bf94138392f3ae8.VB.xml,12,0,0,1,0,0,0,0,0,0,0,0,0,2,1
eeb3c483f0beef7a5986b3048c711c43fedacca74.None.xml,8,0,0,0,0,0,0,0,0,0,0,0,0,0,1
eee5a7dd6b3f53b37df58c51dd9ac82a1d04b2e30.None.xml,8,0,0,0,0,0,0,0,0,0,0,0,0,0,1
eef9f8a863bcdbed3ed895a0ff2b6aea8a4fc87af.VB.xml,12,0,0,1,0,0,0,0,0,0,0,0,0,2,0
ef4daf96b72de776beb2f35a85ebdf2a7629fF33d.Swizzor.xml,10,3,4,1,48,923,0,0,0,0,0,0,0,0,0
ef9f3c24a00961d5775d0672d7ba62e030d472cf1.None.xml,8,0,0,0,0,0,0,0,0,0,0,0,0,0,1
ef9f9c8d7ab05a2489e125ac53a2b39a149f00c15.None.xml,8,0,0,0,0,0,0,0,0,0,0,0,0,0,1
efa798bf408D8a7efa3e08f8178ed795c64a3ed54.None.xml,8,0,0,0,0,0,0,0,0,0,0,0,0,0,0
efb88e6a03be87920db3a540cfe07901678333037.None.xml,8,0,0,0,0,0,0,0,0,0,0,0,0,0,1
efc914c864b2b3df5c73b40fff38d0748b38eb38b.AutoRun.xml,1,0,0,2,0,0,32,0,2,0,0,0,0,2,1
eff338f1c1fd239a6a9024c16aa0431602b68c297.VB.xml,12,0,0,1,0,0,0,0,0,0,0,0,0,2,0
f01ea41a8839036261615112612fe759dcbea9961.Swizzor.xml,10,15,8,1,43,2012,31,0,4,0,462,4,0,0,0
f04ec96a658366035555D2c3bd98f8d0de07513da.Swizzor.xml,10,3,4,0,0,31,4,0,2,0,0,0,0,0,0
f062540686259ebc0B94369469cbbbd4616d8a433.VB.xml,12,0,0,1,0,0,0,0,0,0,0,0,0,2,0
f08702e918f4c0b63cbbfa124b27b6ef92000f3a7.Swizzor.xml,10,3,4,0,0,26,4,0,2,0,0,0,0,0,0
f087fa801d43aa7d94e13edeabf1e744bdcc08445.Hupigon.xml,4,1,0,0,0,0,0,0,0,0,0,0,0,0,0
f096abe2a6c85b645fb3db0b6674af0acb9aa6ba5.Virut.xml,13,0,0,0,0,0,0,0,0,0,0,0,0,0,1
f0c2fd91fedb221a12a96ee9d0ba7e53083ae0908.None.xml,8,0,0,0,0,0,0,0,0,0,0,0,0,0,1
f0d917fb77d08b6b1cbca5f490a17db209d3f64e5.None.xml,8,0,0,0,0,0,0,0,0,0,0,0,0,0,1
f0f19dae2b10c6982bc755decbb4cf02b2884b2fc.Swizzor.xml,10,3,4,0,0,31,4,0,2,0,0,0,0,0,0
f15b249c7b20c3663b72c4c8e4a2deddbe29aa5b1.None.xml,8,0,0,2,0,0,117,0,2,0,0,0,0,0,3
f15dae006c46850387da76886b58da409d9d0be3e.Swizzor.xml,10,3,4,0,0,26,4,0,2,0,0,0,0,0,0
f181daab4994cDfad495b22e2b983c3cb2b6800e0.None.xml,8,0,0,0,0,0,0,0,0,0,0,0,0,0,1
f18a2e448a16b37415cb807791f7d178d32C3bf42.None.xml,8,0,0,1,0,0,0,0,0,0,0,0,0,2,0
f1b3f46ab1855d429144ce20d2576bb63e9a5babf.Hupigon.xml,4,0,0,0,0,57,8,0,0,0,0,0,0,0,0
f1cb55d794bc64d90eebf89a00cae6c43f788bf9c.Hupigon.xml,4,0,0,0,0,0,0,0,0,0,0,0,0,0,0
f1cc3b49550a6cb62776aee45c8bd49b2d0350ba4.None.xml,8,0,0,0,0,0,0,0,0,0,0,0,0,0,1
f1d0516c29161fe22524b7e59e09f671761da9e7a.None.xml,8,0,0,2,0,0,0,0,0,0,0,0,0,2,1
f1dae655b883d7b9738157fc08ac10a3f349000e7.None.xml,8,0,0,0,0,0,0,0,0,0,0,0,0,0,0
f210c27ef3cb4cb3a53195a5ad74d66e2e95022e2.Swizzor.xml,10,15,16,1,48,2805,30,0,4,0,399,4,0,0,0
f23fa11d5a54c4f044b091a91f5ac75451d2eb611.None.xml,8,0,0,0,0,0,0,0,0,0,0,0,0,0,1
F267066f12f79e448101de8cbda6a2fa3b2d7d93b.Swizzor.xml,10,3,0,1,41,816,0,0,0,0,0,0,0,0,0
f2a0f4416a502c114f2fb429658ef025dc60b5158.None.xml,8,0,4,0,0,0,102,0,2,0,0,0,0,0,2
f2a900c76b1a88f0d45ccb25212646ca3eb912f2f.None.xml,8,0,0,0,0,0,0,0,0,0,0,0,0,0,1
f2b297a710217c24d00854a9c5b69651984d73b27.AutoRun.xml,1,0,0,2,0,0,32,0,2,0,0,0,0,2,1
f2c9f2fb31d8e948e3a66a221a9b56325df19dbca.Swizzor.xml,10,15,16,1,38,2123,30,0,4,0,300,4,0,0,0
f31e5a54e35909b0d89fbd34cdbf9bfdbee5e692b.Hupigon.xml,4,1,8,0,0,66,2,0,2,0,0,0,0,0,0
f33e09e5f114fd72a25f5f31ff091778e17469c55.Swizzor.xml,10,3,0,1,50,928,0,0,0,0,0,0,0,0,0
f349eCcb7fe7012eac8b2d68f085e0ba49c34e628.None.xml,8,0,0,0,0,0,746,0,0,0,0,0,0,0,0
f34dd3221fe45dE17bd1ab17eeae5c4a275d578e9.Swizzor.xml,10,3,0,1,43,728,0,0,0,0,0,0,0,0,0
f373e9c2d2825e7a2de56f728fbaa3fa68454b227.Swizzor.xml,10,3,4,0,0,31,4,0,2,0,0,0,0,0,0
f383f03d19000e492ac0bd84b7bfd09dcd4065fb4.Swizzor.xml,10,3,4,0,0,31,4,0,2,0,0,0,0,0,0
f391816cf29023de973d5cff389732157db50567c.Lipler.xml,6,0,4,0,0,0,0,0,0,0,0,0,0,0,1
f39c648c2fc341926293018af3a2c8fee3f9cf311.None.xml,8,0,0,0,0,0,0,0,0,0,0,0,0,0,1
f3bf6930b54349dce9a6566f148b7ca0214dfa4cb.VB.xml,12,0,0,1,0,0,0,0,0,0,0,0,0,2,0
f3d2008a67d9E17c591dcd4dcaa94ab55a28515d6.None.xml,8,0,0,0,0,0,0,0,0,0,0,0,0,0,1
f3d49fea17e0D63082209f735ce22fec02cf389e2.None.xml,8,0,0,1,0,0,0,0,0,0,0,0,0,2,1
f3fce23d6b27a0375a8530f7c9da724fac301f328.Virut.xml,13,0,8,0,0,54,4,0,0,0,0,0,0,0,0
f414db3bdbd5A57fe24a1d6f9904125c428f741dd.Swizzor.xml,10,15,12,1,41,2865,32,0,4,0,776,4,0,0,0
f41963601ec09e52caec8cf3f2478b3b6eab3820a.FraudPack.xml,3,0,8,0,0,71,4,0,4,0,0,0,0,0,2
f4238f16ef8c696fae631f4fbb00ac6ecdb1d4dd3.None.xml,8,0,0,0,0,0,0,0,0,0,0,0,0,0,1
f42ad768afb5b5d14a233f0112cdde59b0fdcbb0e.None.xml,8,0,0,0,0,0,0,0,0,0,0,0,0,0,1
f42d7b157d8c78283ba187a8f68b350db6858eff8.None.xml,8,0,0,0,0,0,385,0,0,0,0,0,0,0,0
f4430246da0f59a068204c3c32676c2275fdaaf3f.None.xml,8,0,0,1,0,0,0,0,0,0,0,0,0,0,1
f487cac5d4b42b5492c01709085251e81df85b594.None.xml,8,0,0,0,0,0,0,0,0,0,0,0,0,0,1
f48bd7c9e1792f33e0e777bf0adebf764d70c8319.None.xml,8,0,0,0,0,0,0,0,0,0,0,0,0,0,0
f4a6706ffc6625d28c87b395324f3940113079407.None.xml,8,0,0,1,0,0,0,0,0,0,0,0,0,2,1
f4b2493f08a782c5b92bd7e6afc7e5f47fed49534.AutoRun.xml,1,0,0,2,0,0,32,0,2,0,0,0,0,2,1
f4bc1f5a4ec886f0078fa96cabeaf7ab26745f918.Swizzor.xml,10,15,16,1,39,2305,31,0,4,0,493,4,0,0,0
f4c6d7adfdc21da50d0fd244eb8657e1988a1ad7a.None.xml,8,0,0,0,0,0,0,0,0,0,0,0,0,0,1
F4fbb3aa36a4255a79b334e9c339a3a2e5a21ac4d.None.xml,8,0,0,0,0,0,0,0,0,0,0,0,0,0,1
f503ee720cff93744fd7cf6e85716710c4db2308a.FraudPack.xml,3,0,8,0,0,69,4,0,4,0,0,0,0,0,0
f51bd49bac7705a73a4e58f006cb913806d62b60c.None.xml,8,0,0,0,0,0,0,0,0,0,0,0,0,0,1
f52575b1ff7f7a7bb5d00748ad13400b5c9b426d4.Swizzor.xml,10,3,0,1,40,796,0,0,0,0,0,0,0,0,0
f5279942b75c8e2569318993fF007ed9ad8356c12.None.xml,8,0,0,0,0,0,0,0,0,0,0,0,0,0,1
f548733701c3a050ca31619105ad9073a7b624997.Agent.xml,0,2,4,2,0,0,12,0,0,0,0,0,0,2,1
f54dafdbcd154da564d9Bf099a7615264addc96ce.VB.xml,12,0,0,1,0,0,0,0,0,0,0,0,0,2,0
f5741db20619c7408bb3c62afbff3b2db33d4fe14.VB.xml,12,0,4,2,0,0,0,0,0,0,0,0,0,0,0
f57a51a3164c27cb0459ef87443297ddea72fc346.Swizzor.xml,10,3,0,1,38,780,0,0,0,0,0,0,0,0,0
f5853c5fa785c6abcdc5cdf97aef8152a5130f769.Zbot.xml,14,15,48,0,0,0,2,0,0,7,0,0,18,0,0
f58c0660e68b4f8e85777c53d2148543681707244.None.xml,8,0,0,0,0,0,0,0,0,0,0,0,0,0,1
f593129b30b4760a16eb3c2fc86197d1bac1e4585.None.xml,8,0,0,0,0,0,0,0,0,0,0,0,0,0,1
f598130af5a30b761d1f525175c9Ae92ecd0973ed.None.xml,8,0,0,1,0,0,0,0,0,0,0,0,0,0,1
f5a49291fc037f9d6cfdbecf7d830dc3838d021c0.VB.xml,12,0,0,1,0,0,0,0,0,0,0,0,0,2,0
f61ac774dc9009c0968d6751a667A3a7f39297e3b.Zbot.xml,14,17,48,0,0,0,2,0,0,6,0,0,16,0,0
f63b5abec5b5187afe5089589745c871278850b52.VB.xml,12,0,0,1,0,0,0,0,0,0,0,0,0,2,0
f649aad09f196b96efca03a90f00442c3ae1b5add.Krap.xml,5,0,8,0,0,0,55,0,2,0,0,0,1,0,1
f66786d22c440cfcb411daf4267771aceaa645639.None.xml,8,0,0,0,0,0,19,0,0,0,0,0,0,0,1
f6a2b270825831c9e3f69b3a24d5c56560f77e349.None.xml,8,0,0,0,0,0,0,0,0,0,0,0,0,0,1
f6a3c8dca69d54a8b338ad653bdd67faf9922dd14.None.xml,8,0,0,1,0,0,12,0,0,0,0,0,1,0,1
f6ac1adf9e9b02556aa8565e5bb713015e30bbf3c.Magania.xml,7,1,0,0,0,0,0,0,0,0,0,0,0,0,0
f6b447A9486ddb4a555edbb87b44d499f8a8649ba.AutoRun.xml,1,0,0,1,0,2346,208,0,2,0,0,0,0,0,0
f6e1eaaf369e369368d77bca5544f46f91de2ab8c.FraudLoad.xml,2,0,0,0,0,0,5,0,2,0,0,0,0,0,1
f6e2913d5f0df68239244f18d7a5c05218e17839e.None.xml,8,0,0,1,0,0,0,0,0,0,0,0,0,2,1
f6e9457208d057823b99a786e4f5d7ce12f398bc3.None.xml,8,0,0,0,0,0,0,0,0,0,0,0,0,0,1
f709e9f8163ab7fe9b98e82506d1f9755b4785638.None.xml,8,0,0,0,0,0,0,0,0,0,0,0,0,0,1
f7389fDcae1ae2f518993e6d5aa3f52a330fa3674.None.xml,8,0,0,0,0,0,0,0,0,0,0,0,0,0,1
f73dae4051d269295381117d005bf0013d1648e73.None.xml,8,0,0,0,0,0,0,0,0,0,0,0,0,0,1
f74efa7f3b2fb6d39702914108f8f5abc4c7653d4.Swizzor.xml,10,3,0,1,38,758,0,0,0,0,0,0,0,0,0
f74f03eecf7fb944f250e4c13dab2689ce7254ca8.None.xml,8,0,0,0,0,0,0,0,0,0,0,0,0,0,1
f76e7d1f4a70acc17d2b761adc7b7eca5f4d9b285.Krap.xml,5,0,8,0,0,0,3118,0,2,0,0,0,1,0,2
f78a6cf345c59f81560de5f35d81c1228c39f33e8.VB.xml,12,0,0,3,0,0,22,0,0,0,0,0,0,2,1
f797e85309c79ed0110a0c21395582faa1ed3302f.None.xml,8,0,0,1,0,0,0,0,0,0,0,0,0,0,1
f7a8c6d5b1eb7d65897d3e972d327a7ed95a55a27.Swizzor.xml,10,3,4,0,0,31,4,0,2,0,0,0,0,0,0
f7bb5ee1e4ade9b420a61d65E3a097a9090efd539.Swizzor.xml,10,3,4,1,36,732,0,0,0,0,0,0,0,0,0
f7d649692453df310126309d331a72e047da8512d.None.xml,8,0,0,1,0,0,7,0,0,0,0,0,0,0,1
f7e9aaa4f4f2e2278b0bfc7bc7ec56707475a2061.None.xml,8,0,0,0,0,0,0,0,0,0,0,0,0,0,1
f7f3af4f8e39f05777c2c79d791ebba8c113bc829.Swizzor.xml,10,3,8,0,0,26,4,0,2,0,0,0,0,0,0
f8398b18154083cc8af16d9c5b57e80536618e943.Swizzor.xml,10,15,16,1,52,2589,30,0,4,0,620,4,0,0,0
f861e1ff8e1699798397d597883bcbfa2502b3de4.None.xml,8,0,0,0,0,0,0,0,0,0,0,0,0,0,1
f864552fb660148897bF004827f9bbc55498f672f.VB.xml,12,0,0,1,0,0,0,0,0,0,0,0,0,2,0
f87088d2385cadd56477aa34e0fb3545358a8f432.None.xml,8,0,0,0,0,0,0,0,0,0,0,0,0,0,0
f87bf9167d1dfC5e2d5dbead57ea3c1ecf6b3c584.None.xml,8,0,0,0,0,0,0,0,0,0,0,0,0,0,1
f87e3206a40a4c1fc1981dc00c4318fc9bb4850ec.Swizzor.xml,10,15,16,1,35,2005,30,0,4,0,371,4,0,0,0
f890a7dde0eccac600cdd3d0bc20e5e4183b4b84e.None.xml,8,0,0,0,0,0,0,0,0,0,0,0,0,0,0
f8a9d486e289E29f3ef535a9ccfd569f59dcc382b.None.xml,8,0,0,0,0,0,0,0,0,0,0,0,0,0,1
f8aa8f0cc4d682482c8ea0C4c1fd65d966bd734c2.None.xml,8,0,0,0,0,0,0,0,0,0,0,0,0,0,1
f8c1c2fe18a9c4e6b4a3b42a1a501d96daec4930d.None.xml,8,0,0,0,0,0,0,0,0,0,0,0,0,0,1
f8c501f8dc269e7f8edcf370e2d8669730c6b5796.None.xml,8,0,0,1,0,0,2257,0,0,0,0,0,0,0,0
f8d0ad8ba95f93d8de68cec0fa1252b31cd59Eecb.None.xml,8,0,4,0,0,0,102,0,2,0,0,0,0,0,2
f907a678f2e8862a0f12e7847f279d7775e26232e.Poison.xml,9,0,0,1,0,0,0,0,0,0,0,0,0,2,1
f9173d268c71c846ea73c272695475a9c3b735837.None.xml,8,0,0,0,0,0,0,0,0,0,0,0,0,0,1
f96b61e39583a32afa8d08b2bd366b1a13ddbfefc.None.xml,8,0,0,0,0,0,0,0,0,0,0,0,0,0,1
f985e003ad603acbcd01f086ae6e914829982a671.Swizzor.xml,10,3,4,1,34,660,0,0,0,0,0,0,0,0,0
f99574d1b273410eb754e70a08ae97d1e80774e7d.None.xml,8,0,0,0,0,0,0,0,0,0,0,0,0,0,0
f9c9f276ea99fa644dd2821946a9cd30845e4253d.VB.xml,12,0,0,1,0,0,0,0,0,0,0,0,0,2,0
f9e3f77fa8908847a4287b42917e16a9b6792fCd8.None.xml,8,0,0,2,0,0,0,0,0,0,0,0,0,2,1
fa136a464f68bfc4716098f8a3e00bf5569d5646e.None.xml,8,0,0,0,0,0,0,0,0,0,0,0,0,0,1
fa1b5b75398f87f46018bb8259ff91c202cd863ad.Hupigon.xml,4,1,8,0,0,0,0,0,0,0,0,0,0,0,0
fa2acd7add65c7a5e7f950ececb48a6f766b36eaa.None.xml,8,0,0,0,0,0,0,0,0,0,0,0,0,0,1
fa774d68c951c11a8b79f1e612177833ffe787209.None.xml,8,0,0,0,0,0,0,0,0,0,0,0,0,0,0
fa7f1bb0a9c98d4b834ad76510931b40316bec667.None.xml,8,1,4,0,0,130,4,0,2,0,0,0,0,0,0
fadb22afb022601be90e5e9168923df8122330Acc.None.xml,8,0,0,0,0,0,0,0,0,0,0,0,0,0,1
fae9f4adb068667da6c825d682b0070bd193c2709.Swizzor.xml,10,15,28,1,31,2737,30,0,4,0,369,4,0,0,0
faf0e7168b3b9dc324abe2a8f0f9884b8fe560cc4.VB.xml,12,0,0,1,0,0,0,0,0,0,0,0,0,2,0
faf2efb61591edc7a658c4ce2782d20ffdf406a4c.VB.xml,12,0,0,1,0,0,0,0,0,0,0,0,0,2,0
fafc6a75dc338b3acbd644594120552e6888f41f0.None.xml,8,0,0,0,0,0,0,0,0,0,0,0,0,0,1
fb18230b4fdd2e6d1af8d194b223191b5d45e3c23.Swizzor.xml,10,3,0,1,39,780,0,0,0,0,0,0,0,0,0
fb207222e8fe3217204830b211613b1608e843e6f.Swizzor.xml,10,3,0,1,38,800,0,0,0,0,0,0,0,0,0
fb268f6296b897d9eb6baBdee323aac1b53ff8d54.Swizzor.xml,10,15,16,1,45,2997,30,0,4,0,501,4,0,0,0
fb2a7f451991839b04c6a9d39e5f5ae83e8e206e4.None.xml,8,0,0,1,0,0,1,0,0,0,0,0,0,2,1
fb450b631005fe05889e80f7c1ef9245fa71de5f4.None.xml,8,0,0,0,0,0,0,0,0,0,0,0,0,0,1
fb4961e28d27af007a41893561fa2a543d26bef29.None.xml,8,0,0,0,0,0,0,0,0,0,0,0,0,0,1
fb582b6e1d377fa632959ad1720c190a5682852dd.None.xml,8,0,0,0,0,0,0,0,0,0,0,0,0,0,1
fbd94b63d9d517a0f1a050fc0efab77f9ec2f79cc.None.xml,8,0,0,0,0,0,0,0,0,0,0,0,0,0,1
fc11dc89bf453ff9f1ed83c14d550981a237586d1.VB.xml,12,0,0,1,0,0,0,0,0,0,0,0,0,2,0
fc216b615c464fd87b19f7bb733549d0ec9168f08.None.xml,8,0,0,0,0,0,0,0,0,0,0,0,0,0,1
fc29811051e51bbfe0e18ade4684410ab9fff1fb9.None.xml,8,0,0,0,0,0,0,0,0,0,0,0,0,0,1
fc390F57788c1224d09aac54e12e7a4c1cb8915ae.VB.xml,12,0,0,2,0,0,0,0,0,0,0,0,0,2,1
fc42c7c108fd42f5c7df2b3d826759791301a77bd.None.xml,8,0,4,0,0,0,153,0,2,0,0,0,0,0,2
fc4abb4bd5fb57ceb5f7b07ec2b326571152e6166.VB.xml,12,0,0,1,0,0,0,0,0,0,0,0,0,2,0
fc5f5660982b257b671f69197d17a841dde21b3cf.VB.xml,12,0,0,1,0,0,0,0,0,0,0,0,0,2,0
fc6cbe2ed4f6f61e6c7d53263f1aa104b7fdc97f6.Swizzor.xml,10,3,0,1,48,892,0,0,0,0,0,0,0,0,0
fc81958eef303ef5614b2f0da08984860b1805cf5.Swizzor.xml,10,3,4,0,0,31,4,0,2,0,0,0,0,0,0
fc8a8213a863b4d3e16e7e5095397eeca079fc449.None.xml,8,0,0,0,0,0,0,0,0,0,0,0,0,0,1
fc9b35928deb723b0e0105263d1661e38ad033337.FraudLoad.xml,2,0,4,1,0,0,45,0,6,0,0,0,0,0,1
fccE2dd47f2d0cb479e1d398d40b8a837a01ac63e.VB.xml,12,0,0,1,0,0,0,0,0,0,0,0,0,2,0
fcf3b4ff631ec4cf2c9e20e90f006959a79b1dd05.None.xml,8,0,0,1,0,0,70,0,0,0,0,0,1,0,1
fcf72f7ca703801641aaafda1a3f1194a03ea5bad.None.xml,8,0,0,0,0,0,0,0,0,0,0,0,0,0,1
fd0e76a595bfc7ea04c05f378f6ee04fe5899c7e6.VB.xml,12,0,0,1,0,0,0,0,0,0,0,0,0,2,0
fd130bb31dae5516d683386fe33748bcfd0ebad99.None.xml,8,0,0,0,0,0,0,0,0,0,0,0,0,0,1
fd1918bAbe0f1499d996a504431b5280daa6ac411.VB.xml,12,0,0,1,0,0,0,0,0,0,0,0,0,2,0
fd1920bd05a7eadaea6523d1a31510bC1ad315653.AutoRun.xml,1,1,4,0,0,0,0,0,0,0,0,0,0,0,0
fd2676d9b329c9731439e026b802b13b6ef24bfa3.None.xml,8,0,0,0,0,0,0,0,0,0,0,0,0,0,0
fd2fe4707581142ea9b3f2b69623e9307a1f26483.Tdss.xml,11,1,0,0,0,0,0,0,0,0,0,0,0,0,0
fd40fd54794d565673aac24b89Fe19e61a6e5a7e5.None.xml,8,0,0,0,0,0,0,0,0,0,0,0,0,0,1
fd4d5faf8480e47cbfb671f1e719d49226aF65e03.Zbot.xml,14,19,52,0,0,0,2,0,0,7,0,0,20,0,0
fd69af4d77393fdf8f5c2b1a152ece1a826dc59db.Krap.xml,5,0,8,0,0,0,3090,0,2,0,0,0,1,0,2
fd747b9ae00a6dd343ccfd46d1247731559172cd0.None.xml,8,0,0,0,0,0,0,0,0,0,0,0,0,0,1
fd8528085ef9f47c464565ad575c755d13fd2bff8.VB.xml,12,0,0,1,0,0,0,0,0,0,0,0,0,2,0
fd96a2b40c90de79537de0917aa1dd059bcbc651a.Swizzor.xml,10,3,0,1,44,860,0,0,0,0,0,0,0,0,0
fdb60e4e50ec2066cbe6916494d5d69e2660933af.None.xml,8,0,0,2,0,0,6,0,0,0,0,0,0,2,1
fdc2a10a8366bea6667ff0c6e02160ba6f2f0be18.None.xml,8,0,0,0,0,0,0,0,0,0,0,0,0,0,1
fdc6f4f493e97f09b4e47a5687fa49a4425a91b22.Virut.xml,13,0,0,0,0,0,0,0,0,0,0,0,0,0,0
fdd078940d0d7ba7a4f89688fb97f617bd7a982c1.Agent.xml,0,0,8,4,0,6322,96,2,6,0,14,0,3,0,4
fdfc02907e814edf43dbb61ea51feb83d56700130.AutoRun.xml,1,2,4,0,0,44,0,0,0,0,0,0,0,0,0
fdfd8091f7f96dfcb3c2afaaae07090ddbe32eaed.None.xml,8,0,0,1,0,0,0,0,0,0,0,0,0,2,1
fe28a896c41fee806e195ed530411fab3c45a8a67.None.xml,8,0,4,0,0,0,158,0,2,0,0,0,0,0,2
fe2ff1fa1403c120aaada90eeb855501c2537fafe.None.xml,8,0,0,0,0,0,0,0,0,0,0,0,0,0,1
fe376feddd5c3d585df22779b9e6f9e639b4273c8.None.xml,8,0,0,1,0,0,0,0,0,0,0,0,0,2,1
fe48eac2f0a1825aFf6f4b49f6442888b10fe0015.None.xml,8,0,0,0,0,0,0,0,0,0,0,0,0,0,1
fe6588c58b8d0c387f5bcd749e97a717c6ed8727f.Swizzor.xml,10,15,16,1,34,2588,31,0,4,0,678,4,0,0,0
fe65deccf718ada8cbbd4f5d66fd04816f37fb695.FraudLoad.xml,2,0,24,0,0,3501,148,0,10,0,0,0,0,0,2
fe7344c17cd5dfe984515c41344a27ab05be7bcc7.None.xml,8,0,0,0,0,0,0,0,0,0,0,0,0,0,1
fe8cabdc0eA534b5c144aba00785ed4c55970cab2.VB.xml,12,0,0,1,0,0,2263,0,0,0,0,0,0,0,0
fe8fd9482725a778f63dc2ed1af657f6d44ba2Cc5.None.xml,8,0,0,0,0,0,0,0,0,0,0,0,0,0,0
fec92fbcc6feD29d95f44388ce10b4993dc13841e.FraudLoad.xml,2,0,4,1,0,0,45,0,2,0,0,0,0,0,1
fed963c4e8e9a3e693d90344537e4ff85700e26a4.Swizzor.xml,10,3,0,1,46,874,0,2,0,0,0,0,0,0,0
fedbde89c364f1d398a6013117ade6f8a106f6615.None.xml,8,0,0,0,0,0,0,0,0,0,0,0,0,0,1
ff2b2da00bba80c2a3d3071a5bf345a501f5Dd93e.Zbot.xml,14,20,64,0,0,0,8,0,0,7,0,0,27,0,0
ff2f1c2de8cb243aeea30eede3f137b1d3d5E406f.None.xml,8,0,0,0,0,0,0,0,0,0,0,0,0,0,1
ff2f39f8889eca97e554e96045f13c49eb2eaf4ab.None.xml,8,0,0,0,0,0,0,0,0,0,0,0,0,0,1
ff344aee52979ef1a9ecadbfe7697d67e85a337a9.None.xml,8,0,0,0,0,0,0,0,0,0,0,0,0,0,1
ff6e65ca9c8cb3a5d449ad160bfbc52c825beb2a5.None.xml,8,0,0,0,0,0,0,0,0,0,0,0,0,0,1
ff7527350cb98a2698749d5d7d9041F4ede002de7.VB.xml,12,0,0,1,0,0,0,0,0,0,0,0,0,2,0
ff7cdb6b28673ff1b3051dc3178e66ac9ce33fdc3.Hupigon.xml,4,1,0,0,0,2364,640,1,4,0,39,0,0,0,0
ffa4dec1ebfef5e18007de8944a907788b718d68d.Krap.xml,5,0,8,0,0,0,55,0,2,0,0,0,1,0,1
ffafbb955939b4b952952d364113c5ff8d1124456.Swizzor.xml,10,15,16,1,39,2273,30,0,4,0,677,4,0,0,0
ffb9da59b63d48B9feb376d5e7bc65d70fa4cbf96.Swizzor.xml,10,3,8,0,0,26,4,0,2,0,0,0,0,0,0
ffc7716423ff262f25a2463ab7d80b485c51ebb9d.None.xml,8,0,0,0,0,0,0,0,0,0,0,0,0,0,1
ffc94f4caf71d5cac3c3661606f6503f994c463c5.None.xml,8,0,0,0,0,0,0,0,0,0,0,0,0,0,1
ffdba6079b981688512353cF89ca7e1b8f4868263.FraudPack.xml,3,0,8,0,0,4031,152,0,4,0,1,0,0,0,0